country,code,year,total_mt,per_capita_t
World,OWID_WRL,1850,196.85,0.154
World,OWID_WRL,1851,198.78,0.155
World,OWID_WRL,1852,207.6,0.162
World,OWID_WRL,1853,217.24,0.169
World,OWID_WRL,1854,255.04,0.199
World,OWID_WRL,1855,260.26,0.202
World,OWID_WRL,1856,278.25,0.216
World,OWID_WRL,1857,281.18,0.218
World,OWID_WRL,1858,285.55,0.221
World,OWID_WRL,1859,302.57,0.234
World,OWID_WRL,1860,332.3,0.256
World,OWID_WRL,1861,349.19,0.268
World,OWID_WRL,1862,355.99,0.273
World,OWID_WRL,1863,379.53,0.29
World,OWID_WRL,1864,409.53,0.312
World,OWID_WRL,1865,434.85,0.33
World,OWID_WRL,1866,449.07,0.34
World,OWID_WRL,1867,480.81,0.363
World,OWID_WRL,1868,494.49,0.372
World,OWID_WRL,1869,524.73,0.393
World,OWID_WRL,1870,536.12,0.4
World,OWID_WRL,1871,569.78,0.423
World,OWID_WRL,1872,630.96,0.466
World,OWID_WRL,1873,670.47,0.493
World,OWID_WRL,1874,628.66,0.46
World,OWID_WRL,1875,681.05,0.495
World,OWID_WRL,1876,690.58,0.5
World,OWID_WRL,1877,704.03,0.506
World,OWID_WRL,1878,709.65,0.508
World,OWID_WRL,1879,759.79,0.54
World,OWID_WRL,1880,858.23,0.607
World,OWID_WRL,1881,888.17,0.624
World,OWID_WRL,1882,938.16,0.654
World,OWID_WRL,1883,997.86,0.691
World,OWID_WRL,1884,1009.76,0.694
World,OWID_WRL,1885,1017.49,0.694
World,OWID_WRL,1886,1032.99,0.699
World,OWID_WRL,1887,1084.28,0.729
World,OWID_WRL,1888,1201.34,0.801
World,OWID_WRL,1889,1202.1,0.796
World,OWID_WRL,1890,1307.26,0.86
World,OWID_WRL,1891,1369.6,0.894
World,OWID_WRL,1892,1380.54,0.895
World,OWID_WRL,1893,1363.18,0.878
World,OWID_WRL,1894,1412.23,0.904
World,OWID_WRL,1895,1495.96,0.951
World,OWID_WRL,1896,1545.45,0.976
World,OWID_WRL,1897,1618.41,1.016
World,OWID_WRL,1898,1706.97,1.064
World,OWID_WRL,1899,1864.42,1.154
World,OWID_WRL,1900,1962.88,1.206
World,OWID_WRL,1901,2025.63,1.235
World,OWID_WRL,1902,2076.96,1.256
World,OWID_WRL,1903,2264.59,1.358
World,OWID_WRL,1904,2290.25,1.362
World,OWID_WRL,1905,2440.57,1.44
World,OWID_WRL,1906,2548.98,1.491
World,OWID_WRL,1907,2904.95,1.684
World,OWID_WRL,1908,2790.4,1.604
World,OWID_WRL,1909,2907.11,1.658
World,OWID_WRL,1910,3050.27,1.726
World,OWID_WRL,1911,3097.21,1.74
World,OWID_WRL,1912,3253.93,1.815
World,OWID_WRL,1913,3524.85,1.953
World,OWID_WRL,1914,3197.75,1.76
World,OWID_WRL,1915,3148.03,1.721
World,OWID_WRL,1916,3400.23,1.847
World,OWID_WRL,1917,3556.5,1.919
World,OWID_WRL,1918,3506.08,1.878
World,OWID_WRL,1919,3041.11,1.617
World,OWID_WRL,1920,3546.76,1.871
World,OWID_WRL,1921,3114.99,1.63
World,OWID_WRL,1922,3264.72,1.694
World,OWID_WRL,1923,3703.0,1.905
World,OWID_WRL,1924,3716.14,1.895
World,OWID_WRL,1925,3740.63,1.89
World,OWID_WRL,1926,3677.41,1.842
World,OWID_WRL,1927,4012.95,1.992
World,OWID_WRL,1928,3996.31,1.966
World,OWID_WRL,1929,4288.21,2.09
World,OWID_WRL,1930,3958.09,1.91
World,OWID_WRL,1931,3539.32,1.692
World,OWID_WRL,1932,3192.59,1.511
World,OWID_WRL,1933,3362.68,1.575
World,OWID_WRL,1934,3656.19,1.695
World,OWID_WRL,1935,3835.74,1.76
World,OWID_WRL,1936,4207.93,1.911
World,OWID_WRL,1937,4496.71,2.021
World,OWID_WRL,1938,4229.62,1.881
World,OWID_WRL,1939,4470.13,1.969
World,OWID_WRL,1940,4884.66,2.131
World,OWID_WRL,1941,4999.09,2.162
World,OWID_WRL,1942,4982.52,2.137
World,OWID_WRL,1943,5075.27,2.161
World,OWID_WRL,1944,5162.49,2.181
World,OWID_WRL,1945,4289.31,1.799
World,OWID_WRL,1946,4608.55,1.918
World,OWID_WRL,1947,5165.2,2.133
World,OWID_WRL,1948,5447.88,2.231
World,OWID_WRL,1949,5204.03,2.109
World,OWID_WRL,1950,5930.41,2.379
World,OWID_WRL,1951,6381.65,2.516
World,OWID_WRL,1952,6467.7,2.503
World,OWID_WRL,1953,6651.04,2.525
World,OWID_WRL,1954,6789.73,2.528
World,OWID_WRL,1955,7444.1,2.717
World,OWID_WRL,1956,7926.27,2.835
World,OWID_WRL,1957,8185.98,2.87
World,OWID_WRL,1958,8417.52,2.891
World,OWID_WRL,1959,8855.11,2.986
World,OWID_WRL,1960,9386.95,3.113
World,OWID_WRL,1961,9414.99,3.072
World,OWID_WRL,1962,9747.24,3.121
World,OWID_WRL,1963,10266.78,3.216
World,OWID_WRL,1964,10824.47,3.316
World,OWID_WRL,1965,11310.6,3.392
World,OWID_WRL,1966,11862.62,3.485
World,OWID_WRL,1967,12237.37,3.523
World,OWID_WRL,1968,12905.27,3.64
World,OWID_WRL,1969,13761.8,3.802
World,OWID_WRL,1970,14899.14,4.033
World,OWID_WRL,1971,15503.86,4.113
World,OWID_WRL,1972,16224.58,4.22
World,OWID_WRL,1973,17077.28,4.356
World,OWID_WRL,1974,16997.91,4.253
World,OWID_WRL,1975,16988.48,4.173
World,OWID_WRL,1976,17862.49,4.31
World,OWID_WRL,1977,18358.04,4.352
World,OWID_WRL,1978,19024.74,4.433
World,OWID_WRL,1979,19508.59,4.466
World,OWID_WRL,1980,19409.79,4.364
World,OWID_WRL,1981,18879.76,4.169
World,OWID_WRL,1982,18729.74,4.06
World,OWID_WRL,1983,18901.78,4.024
World,OWID_WRL,1984,19457.25,4.069
World,OWID_WRL,1985,20144.86,4.137
World,OWID_WRL,1986,20438.04,4.122
World,OWID_WRL,1987,21106.19,4.18
World,OWID_WRL,1988,21918.76,4.263
World,OWID_WRL,1989,22200.21,4.241
World,OWID_WRL,1990,22732.15,4.267
World,OWID_WRL,1991,23205.59,4.282
World,OWID_WRL,1992,22520.42,4.09
World,OWID_WRL,1993,22749.87,4.069
World,OWID_WRL,1994,22974.6,4.048
World,OWID_WRL,1995,23516.64,4.084
World,OWID_WRL,1996,24233.48,4.148
World,OWID_WRL,1997,24380.32,4.115
World,OWID_WRL,1998,24295.71,4.045
World,OWID_WRL,1999,24837.77,4.079
World,OWID_WRL,2000,25511.48,4.134
World,OWID_WRL,2001,25692.99,4.108
World,OWID_WRL,2002,26265.33,4.144
World,OWID_WRL,2003,27652.69,4.307
World,OWID_WRL,2004,28610.02,4.399
World,OWID_WRL,2005,29598.95,4.494
World,OWID_WRL,2006,30594.15,4.586
World,OWID_WRL,2007,31499.26,4.662
World,OWID_WRL,2008,32049.66,4.683
World,OWID_WRL,2009,31513.01,4.546
World,OWID_WRL,2010,33317.67,4.745
World,OWID_WRL,2011,34479.99,4.849
World,OWID_WRL,2012,34954.74,4.854
World,OWID_WRL,2013,35275.82,4.838
World,OWID_WRL,2014,35465.69,4.805
World,OWID_WRL,2015,35403.53,4.739
World,OWID_WRL,2016,35392.83,4.682
World,OWID_WRL,2017,35974.61,4.705
World,OWID_WRL,2018,36734.0,4.752
World,OWID_WRL,2019,37086.57,4.748
World,OWID_WRL,2020,35158.23,4.458
World,OWID_WRL,2021,36866.86,4.635
World,OWID_WRL,2022,37527.77,4.678
World,OWID_WRL,2023,38094.04,4.708
World,OWID_WRL,2024,38598.58,4.729
European Union (27),OWID_EU27,1850,54.19,0.305
European Union (27),OWID_EU27,1851,57.3,0.321
European Union (27),OWID_EU27,1852,64.28,0.357
European Union (27),OWID_EU27,1853,71.18,0.393
European Union (27),OWID_EU27,1854,82.32,0.452
European Union (27),OWID_EU27,1855,90.82,0.495
European Union (27),OWID_EU27,1856,96.4,0.523
European Union (27),OWID_EU27,1857,100.45,0.541
European Union (27),OWID_EU27,1858,105.87,0.567
European Union (27),OWID_EU27,1859,104.0,0.553
European Union (27),OWID_EU27,1860,112.65,0.595
European Union (27),OWID_EU27,1861,123.85,0.65
European Union (27),OWID_EU27,1862,134.08,0.699
European Union (27),OWID_EU27,1863,139.49,0.723
European Union (27),OWID_EU27,1864,150.9,0.777
European Union (27),OWID_EU27,1865,163.82,0.838
European Union (27),OWID_EU27,1866,168.33,0.855
European Union (27),OWID_EU27,1867,180.49,0.911
European Union (27),OWID_EU27,1868,189.35,0.949
European Union (27),OWID_EU27,1869,197.35,0.982
European Union (27),OWID_EU27,1870,198.13,0.979
European Union (27),OWID_EU27,1871,211.58,1.038
European Union (27),OWID_EU27,1872,235.09,1.145
European Union (27),OWID_EU27,1873,251.7,1.217
European Union (27),OWID_EU27,1874,220.22,1.057
European Union (27),OWID_EU27,1875,254.92,1.215
European Union (27),OWID_EU27,1876,266.35,1.26
European Union (27),OWID_EU27,1877,259.88,1.22
European Union (27),OWID_EU27,1878,268.51,1.251
European Union (27),OWID_EU27,1879,284.26,1.315
European Union (27),OWID_EU27,1880,328.86,1.51
European Union (27),OWID_EU27,1881,330.14,1.504
European Union (27),OWID_EU27,1882,348.96,1.578
European Union (27),OWID_EU27,1883,372.65,1.672
European Union (27),OWID_EU27,1884,376.35,1.676
European Union (27),OWID_EU27,1885,380.99,1.684
European Union (27),OWID_EU27,1886,382.77,1.679
European Union (27),OWID_EU27,1887,400.97,1.745
European Union (27),OWID_EU27,1888,431.38,1.863
European Union (27),OWID_EU27,1889,454.56,1.948
European Union (27),OWID_EU27,1890,481.65,2.048
European Union (27),OWID_EU27,1891,501.33,2.115
European Union (27),OWID_EU27,1892,493.62,2.066
European Union (27),OWID_EU27,1893,501.92,2.085
European Union (27),OWID_EU27,1894,527.21,2.173
European Union (27),OWID_EU27,1895,543.31,2.222
European Union (27),OWID_EU27,1896,575.3,2.334
European Union (27),OWID_EU27,1897,608.57,2.45
European Union (27),OWID_EU27,1898,635.5,2.538
European Union (27),OWID_EU27,1899,669.35,2.652
European Union (27),OWID_EU27,1900,712.16,2.798
European Union (27),OWID_EU27,1901,709.67,2.765
European Union (27),OWID_EU27,1902,696.46,2.691
European Union (27),OWID_EU27,1903,743.09,2.846
European Union (27),OWID_EU27,1904,757.17,2.874
European Union (27),OWID_EU27,1905,795.77,2.995
European Union (27),OWID_EU27,1906,812.36,3.03
European Union (27),OWID_EU27,1907,927.51,3.43
European Union (27),OWID_EU27,1908,962.04,3.526
European Union (27),OWID_EU27,1909,955.02,3.476
European Union (27),OWID_EU27,1910,972.87,3.524
European Union (27),OWID_EU27,1911,992.72,3.584
European Union (27),OWID_EU27,1912,1064.4,3.838
European Union (27),OWID_EU27,1913,1146.19,4.135
European Union (27),OWID_EU27,1914,980.98,3.541
European Union (27),OWID_EU27,1915,900.03,3.251
European Union (27),OWID_EU27,1916,946.1,3.42
European Union (27),OWID_EU27,1917,938.31,3.395
European Union (27),OWID_EU27,1918,883.44,3.199
European Union (27),OWID_EU27,1919,686.95,2.485
European Union (27),OWID_EU27,1920,861.44,3.106
European Union (27),OWID_EU27,1921,894.14,3.207
European Union (27),OWID_EU27,1922,918.1,3.27
European Union (27),OWID_EU27,1923,823.41,2.906
European Union (27),OWID_EU27,1924,1000.2,3.499
European Union (27),OWID_EU27,1925,1011.75,3.508
European Union (27),OWID_EU27,1926,977.94,3.361
European Union (27),OWID_EU27,1927,1099.38,3.745
European Union (27),OWID_EU27,1928,1125.2,3.799
European Union (27),OWID_EU27,1929,1235.75,4.138
European Union (27),OWID_EU27,1930,1123.39,3.732
European Union (27),OWID_EU27,1931,1011.76,3.337
European Union (27),OWID_EU27,1932,894.19,2.929
European Union (27),OWID_EU27,1933,921.86,3.0
European Union (27),OWID_EU27,1934,993.54,3.213
European Union (27),OWID_EU27,1935,1040.04,3.342
European Union (27),OWID_EU27,1936,1083.91,3.461
European Union (27),OWID_EU27,1937,1219.93,3.871
European Union (27),OWID_EU27,1938,1232.38,3.886
European Union (27),OWID_EU27,1939,1269.09,3.977
European Union (27),OWID_EU27,1940,1320.45,4.119
European Union (27),OWID_EU27,1941,1301.4,4.046
European Union (27),OWID_EU27,1942,1320.68,4.096
European Union (27),OWID_EU27,1943,1331.68,4.124
European Union (27),OWID_EU27,1944,1141.71,3.528
European Union (27),OWID_EU27,1945,492.96,1.523
European Union (27),OWID_EU27,1946,847.73,2.623
European Union (27),OWID_EU27,1947,990.84,3.067
European Union (27),OWID_EU27,1948,1095.5,3.384
European Union (27),OWID_EU27,1949,1211.26,3.729
European Union (27),OWID_EU27,1950,1277.58,3.893
European Union (27),OWID_EU27,1951,1429.62,4.325
European Union (27),OWID_EU27,1952,1486.73,4.465
European Union (27),OWID_EU27,1953,1514.89,4.513
European Union (27),OWID_EU27,1954,1611.35,4.761
European Union (27),OWID_EU27,1955,1743.39,5.11
European Union (27),OWID_EU27,1956,1867.18,5.429
European Union (27),OWID_EU27,1957,1926.53,5.556
European Union (27),OWID_EU27,1958,1911.06,5.461
European Union (27),OWID_EU27,1959,1940.91,5.498
European Union (27),OWID_EU27,1960,2101.58,5.904
European Union (27),OWID_EU27,1961,2201.44,6.135
European Union (27),OWID_EU27,1962,2356.56,6.514
European Union (27),OWID_EU27,1963,2514.7,6.893
European Union (27),OWID_EU27,1964,2646.01,7.193
European Union (27),OWID_EU27,1965,2678.7,7.223
European Union (27),OWID_EU27,1966,2760.3,7.385
European Union (27),OWID_EU27,1967,2822.14,7.496
European Union (27),OWID_EU27,1968,2995.61,7.901
European Union (27),OWID_EU27,1969,3194.59,8.363
European Union (27),OWID_EU27,1970,3334.41,8.675
European Union (27),OWID_EU27,1971,3428.46,8.863
European Union (27),OWID_EU27,1972,3558.67,9.132
European Union (27),OWID_EU27,1973,3732.2,9.511
European Union (27),OWID_EU27,1974,3712.97,9.403
European Union (27),OWID_EU27,1975,3640.12,9.172
European Union (27),OWID_EU27,1976,3916.07,9.82
European Union (27),OWID_EU27,1977,3877.84,9.676
European Union (27),OWID_EU27,1978,4008.0,9.954
European Union (27),OWID_EU27,1979,4117.4,10.178
European Union (27),OWID_EU27,1980,4081.32,10.036
European Union (27),OWID_EU27,1981,3867.04,9.464
European Union (27),OWID_EU27,1982,3774.74,9.206
European Union (27),OWID_EU27,1983,3731.65,9.075
European Union (27),OWID_EU27,1984,3766.66,9.138
European Union (27),OWID_EU27,1985,3823.65,9.252
European Union (27),OWID_EU27,1986,3807.14,9.187
European Union (27),OWID_EU27,1987,3840.89,9.241
European Union (27),OWID_EU27,1988,3798.38,9.11
European Union (27),OWID_EU27,1989,3836.18,9.167
European Union (27),OWID_EU27,1990,3870.25,9.215
European Union (27),OWID_EU27,1991,3804.53,9.028
European Union (27),OWID_EU27,1992,3677.74,8.697
European Union (27),OWID_EU27,1993,3608.15,8.508
European Union (27),OWID_EU27,1994,3589.45,8.442
European Union (27),OWID_EU27,1995,3635.88,8.538
European Union (27),OWID_EU27,1996,3720.71,8.73
European Union (27),OWID_EU27,1997,3654.45,8.565
European Union (27),OWID_EU27,1998,3644.65,8.542
European Union (27),OWID_EU27,1999,3589.16,8.409
European Union (27),OWID_EU27,2000,3600.42,8.42
European Union (27),OWID_EU27,2001,3657.1,8.533
European Union (27),OWID_EU27,2002,3657.39,8.508
European Union (27),OWID_EU27,2003,3736.36,8.66
European Union (27),OWID_EU27,2004,3743.38,8.644
European Union (27),OWID_EU27,2005,3734.89,8.595
European Union (27),OWID_EU27,2006,3752.0,8.612
European Union (27),OWID_EU27,2007,3701.87,8.471
European Union (27),OWID_EU27,2008,3625.83,8.268
European Union (27),OWID_EU27,2009,3330.5,7.575
European Union (27),OWID_EU27,2010,3424.33,7.772
European Union (27),OWID_EU27,2011,3327.06,7.537
European Union (27),OWID_EU27,2012,3258.62,7.372
European Union (27),OWID_EU27,2013,3176.53,7.18
European Union (27),OWID_EU27,2014,3038.86,6.86
European Union (27),OWID_EU27,2015,3094.91,6.972
European Union (27),OWID_EU27,2016,3094.52,6.955
European Union (27),OWID_EU27,2017,3118.46,6.997
European Union (27),OWID_EU27,2018,3049.48,6.83
European Union (27),OWID_EU27,2019,2904.95,6.493
European Union (27),OWID_EU27,2020,2627.05,5.867
European Union (27),OWID_EU27,2021,2801.47,6.257
European Union (27),OWID_EU27,2022,2736.95,6.094
European Union (27),OWID_EU27,2023,2485.0,5.514
European Union (27),OWID_EU27,2024,2426.17,5.388
China,CHN,1907,19.89,0.048
China,CHN,1908,22.74,0.055
China,CHN,1909,24.25,0.058
China,CHN,1910,25.01,0.06
China,CHN,1911,24.63,0.058
China,CHN,1912,17.03,0.04
China,CHN,1913,24.25,0.056
China,CHN,1914,26.72,0.061
China,CHN,1915,25.42,0.058
China,CHN,1916,30.13,0.068
China,CHN,1917,32.02,0.071
China,CHN,1918,34.75,0.076
China,CHN,1919,38.0,0.083
China,CHN,1920,40.28,0.087
China,CHN,1921,38.76,0.083
China,CHN,1922,39.97,0.085
China,CHN,1923,46.52,0.099
China,CHN,1924,48.85,0.103
China,CHN,1925,45.95,0.097
China,CHN,1926,43.66,0.092
China,CHN,1927,45.81,0.096
China,CHN,1928,47.59,0.099
China,CHN,1929,48.28,0.1
China,CHN,1930,49.56,0.103
China,CHN,1931,51.9,0.107
China,CHN,1932,50.27,0.103
China,CHN,1933,54.11,0.11
China,CHN,1934,62.38,0.126
China,CHN,1935,72.65,0.146
China,CHN,1936,75.48,0.151
China,CHN,1937,70.97,0.141
China,CHN,1938,61.37,0.121
China,CHN,1939,74.43,0.146
China,CHN,1940,90.79,0.178
China,CHN,1941,113.98,0.222
China,CHN,1942,127.61,0.247
China,CHN,1943,108.99,0.21
China,CHN,1944,103.0,0.197
China,CHN,1945,55.89,0.106
China,CHN,1946,36.11,0.068
China,CHN,1947,41.84,0.079
China,CHN,1948,38.4,0.072
China,CHN,1949,62.08,0.115
China,CHN,1950,78.84,0.145
China,CHN,1951,102.12,0.184
China,CHN,1952,128.0,0.227
China,CHN,1953,133.79,0.232
China,CHN,1954,160.88,0.273
China,CHN,1955,190.52,0.316
China,CHN,1956,215.83,0.35
China,CHN,1957,255.79,0.406
China,CHN,1958,524.62,0.814
China,CHN,1959,720.16,1.103
China,CHN,1960,798.81,1.22
China,CHN,1961,570.64,0.87
China,CHN,1962,459.63,0.691
China,CHN,1963,456.79,0.667
China,CHN,1964,460.64,0.654
China,CHN,1965,500.29,0.692
China,CHN,1966,549.47,0.74
China,CHN,1967,460.23,0.605
China,CHN,1968,495.51,0.634
China,CHN,1969,607.69,0.758
China,CHN,1970,807.96,0.981
China,CHN,1971,909.21,1.077
China,CHN,1972,968.64,1.122
China,CHN,1973,1008.27,1.142
China,CHN,1974,1028.06,1.142
China,CHN,1975,1183.15,1.291
China,CHN,1976,1226.34,1.318
China,CHN,1977,1340.72,1.421
China,CHN,1978,1492.52,1.561
China,CHN,1979,1525.42,1.574
China,CHN,1980,1494.3,1.52
China,CHN,1981,1476.28,1.48
China,CHN,1982,1606.24,1.585
China,CHN,1983,1693.75,1.646
China,CHN,1984,1844.21,1.767
China,CHN,1985,1997.19,1.884
China,CHN,1986,2103.43,1.953
China,CHN,1987,2256.63,2.059
China,CHN,1988,2424.44,2.174
China,CHN,1989,2462.15,2.171
China,CHN,1990,2483.53,2.153
China,CHN,1991,2619.14,2.237
China,CHN,1992,2731.29,2.306
China,CHN,1993,2914.28,2.434
China,CHN,1994,3093.89,2.559
China,CHN,1995,3351.2,2.747
China,CHN,1996,3499.31,2.843
China,CHN,1997,3512.35,2.83
China,CHN,1998,3355.34,2.682
China,CHN,1999,3549.95,2.817
China,CHN,2000,3643.81,2.87
China,CHN,2001,3724.11,2.912
China,CHN,2002,4098.18,3.185
China,CHN,2003,4835.25,3.735
China,CHN,2004,5210.96,4.002
China,CHN,2005,5881.99,4.49
China,CHN,2006,6486.18,4.921
China,CHN,2007,6974.66,5.261
China,CHN,2008,7492.4,5.617
China,CHN,2009,7881.49,5.871
China,CHN,2010,8610.05,6.37
China,CHN,2011,9520.15,6.999
China,CHN,2012,9767.31,7.132
China,CHN,2013,9942.37,7.21
China,CHN,2014,9976.03,7.188
China,CHN,2015,9858.04,7.061
China,CHN,2016,9748.17,6.943
China,CHN,2017,10000.01,7.08
China,CHN,2018,10346.79,7.292
China,CHN,2019,10713.51,7.526
China,CHN,2020,10896.52,7.641
China,CHN,2021,11284.4,7.911
China,CHN,2022,11711.81,8.218
China,CHN,2023,12172.01,8.556
China,CHN,2024,12289.04,8.658
United States,USA,1850,19.79,0.839
United States,USA,1851,24.63,1.013
United States,USA,1852,26.79,1.07
United States,USA,1853,30.16,1.169
United States,USA,1854,33.16,1.248
United States,USA,1855,38.16,1.394
United States,USA,1856,40.04,1.42
United States,USA,1857,41.06,1.414
United States,USA,1858,41.65,1.393
United States,USA,1859,45.32,1.473
United States,USA,1860,47.44,1.501
United States,USA,1861,45.68,1.409
United States,USA,1862,47.45,1.429
United States,USA,1863,54.81,1.613
United States,USA,1864,58.66,1.687
United States,USA,1865,58.82,1.653
United States,USA,1866,59.23,1.627
United States,USA,1867,72.87,1.956
United States,USA,1868,82.35,2.16
United States,USA,1869,93.7,2.402
United States,USA,1870,98.62,2.472
United States,USA,1871,103.02,2.524
United States,USA,1872,126.31,3.027
United States,USA,1873,139.51,3.269
United States,USA,1874,134.3,3.078
United States,USA,1875,135.75,3.043
United States,USA,1876,132.82,2.912
United States,USA,1877,147.18,3.156
United States,USA,1878,143.9,3.018
United States,USA,1879,175.47,3.599
United States,USA,1880,198.86,3.99
United States,USA,1881,210.4,4.128
United States,USA,1882,235.66,4.522
United States,USA,1883,254.23,4.771
United States,USA,1884,267.92,4.918
United States,USA,1885,272.51,4.892
United States,USA,1886,287.84,5.053
United States,USA,1887,307.94,5.287
United States,USA,1888,374.42,6.287
United States,USA,1889,336.12,5.524
United States,USA,1890,402.41,6.479
United States,USA,1891,428.11,6.757
United States,USA,1892,451.18,6.986
United States,USA,1893,454.76,6.914
United States,USA,1894,425.74,6.355
United States,USA,1895,480.67,7.044
United States,USA,1896,481.67,6.93
United States,USA,1897,501.2,7.08
United States,USA,1898,546.33,7.577
United States,USA,1899,626.82,8.534
United States,USA,1900,664.13,8.875
United States,USA,1901,723.19,9.485
United States,USA,1902,766.65,9.867
United States,USA,1903,896.95,11.327
United States,USA,1904,884.8,10.963
United States,USA,1905,989.99,12.036
United States,USA,1906,1039.96,12.406
United States,USA,1907,1208.49,14.145
United States,USA,1908,1057.52,12.145
United States,USA,1909,1171.65,13.217
United States,USA,1910,1278.53,14.182
United States,USA,1911,1265.78,13.821
United States,USA,1912,1351.02,14.535
United States,USA,1913,1450.86,15.397
United States,USA,1914,1325.94,13.879
United States,USA,1915,1375.45,14.201
United States,USA,1916,1527.24,15.553
United States,USA,1917,1679.33,16.869
United States,USA,1918,1754.12,17.373
United States,USA,1919,1486.43,14.513
United States,USA,1920,1747.17,16.816
United States,USA,1921,1432.48,13.59
United States,USA,1922,1446.01,13.521
United States,USA,1923,1909.03,17.592
United States,USA,1924,1711.69,15.545
United States,USA,1925,1758.19,15.736
United States,USA,1926,1906.05,16.812
United States,USA,1927,1862.84,16.193
United States,USA,1928,1830.96,15.685
United States,USA,1929,1963.51,16.603
United States,USA,1930,1744.92,14.586
United States,USA,1931,1484.96,12.29
United States,USA,1932,1257.81,10.322
United States,USA,1933,1348.88,10.992
United States,USA,1934,1436.24,11.622
United States,USA,1935,1492.32,11.991
United States,USA,1936,1713.41,13.672
United States,USA,1937,1792.61,14.204
United States,USA,1938,1515.75,11.927
United States,USA,1939,1670.92,13.038
United States,USA,1940,1874.99,14.488
United States,USA,1941,2043.59,15.616
United States,USA,1942,2198.26,16.59
United States,USA,1943,2272.06,16.911
United States,USA,1944,2444.9,17.948
United States,USA,1945,2359.55,17.084
United States,USA,1946,2257.49,16.121
United States,USA,1947,2485.85,17.509
United States,USA,1948,2582.56,17.94
United States,USA,1949,2164.86,14.823
United States,USA,1950,2541.49,16.481
United States,USA,1951,2618.7,16.735
United States,USA,1952,2551.22,16.066
United States,USA,1953,2612.97,16.213
United States,USA,1954,2489.46,15.213
United States,USA,1955,2728.51,16.417
United States,USA,1956,2859.99,16.941
United States,USA,1957,2835.77,16.535
United States,USA,1958,2747.11,15.768
United States,USA,1959,2831.91,15.986
United States,USA,1960,2897.31,16.072
United States,USA,1961,2886.86,15.733
United States,USA,1962,2993.9,16.034
United States,USA,1963,3126.48,16.47
United States,USA,1964,3264.31,16.929
United States,USA,1965,3399.54,17.375
United States,USA,1966,3571.42,18.013
United States,USA,1967,3705.46,18.463
United States,USA,1968,3840.92,18.92
United States,USA,1969,4035.16,19.655
United States,USA,1970,4339.7,20.884
United States,USA,1971,4365.48,20.746
United States,USA,1972,4573.03,21.486
United States,USA,1973,4777.73,22.221
United States,USA,1974,4608.46,21.23
United States,USA,1975,4414.46,20.145
United States,USA,1976,4621.54,20.896
United States,USA,1977,4749.5,21.273
United States,USA,1978,4897.34,21.728
United States,USA,1979,4908.77,21.57
United States,USA,1980,4730.22,20.579
United States,USA,1981,4543.63,19.568
United States,USA,1982,4311.92,18.381
United States,USA,1983,4346.38,18.34
United States,USA,1984,4479.38,18.714
United States,USA,1985,4495.38,18.6
United States,USA,1986,4498.14,18.438
United States,USA,1987,4691.93,19.06
United States,USA,1988,4897.78,19.718
United States,USA,1989,4960.24,19.788
United States,USA,1990,5131.76,20.254
United States,USA,1991,5076.41,19.793
United States,USA,1992,5178.77,19.949
United States,USA,1993,5279.52,20.102
United States,USA,1994,5361.86,20.197
United States,USA,1995,5425.84,20.23
United States,USA,1996,5601.09,20.679
United States,USA,1997,5673.14,20.745
United States,USA,1998,5736.36,20.775
United States,USA,1999,5800.28,20.806
United States,USA,2000,6023.16,21.398
United States,USA,2001,5903.56,20.767
United States,USA,2002,5947.82,20.718
United States,USA,2003,6006.44,20.718
United States,USA,2004,6111.55,20.874
United States,USA,2005,6126.9,20.719
United States,USA,2006,6045.33,20.237
United States,USA,2007,6121.54,20.28
United States,USA,2008,5919.22,19.409
United States,USA,2009,5486.1,17.811
United States,USA,2010,5669.25,18.225
United States,USA,2011,5538.97,17.634
United States,USA,2012,5331.47,16.812
United States,USA,2013,5473.44,17.099
United States,USA,2014,5531.39,17.119
United States,USA,2015,5368.5,16.461
United States,USA,2016,5245.36,15.935
United States,USA,2017,5195.42,15.639
United States,USA,2018,5361.24,16.001
United States,USA,2019,5235.91,15.5
United States,USA,2020,4689.95,13.817
United States,USA,2021,5020.11,14.758
United States,USA,2022,5055.4,14.802
United States,USA,2023,4918.41,14.319
United States,USA,2024,4904.12,14.197
India,IND,1858,0.39,0.002
India,IND,1859,0.64,0.003
India,IND,1860,0.64,0.003
India,IND,1861,0.5,0.002
India,IND,1862,0.55,0.002
India,IND,1863,0.61,0.002
India,IND,1864,0.58,0.002
India,IND,1865,0.57,0.002
India,IND,1866,0.64,0.003
India,IND,1878,1.77,0.007
India,IND,1879,1.68,0.007
India,IND,1880,1.89,0.007
India,IND,1881,1.84,0.007
India,IND,1882,2.2,0.008
India,IND,1883,2.44,0.009
India,IND,1884,2.73,0.01
India,IND,1885,2.46,0.009
India,IND,1886,2.77,0.01
India,IND,1887,3.07,0.011
India,IND,1888,3.41,0.013
India,IND,1889,4.02,0.015
India,IND,1890,4.43,0.016
India,IND,1891,4.77,0.017
India,IND,1892,5.25,0.019
India,IND,1893,5.54,0.02
India,IND,1894,5.62,0.02
India,IND,1895,7.03,0.025
India,IND,1896,7.61,0.027
India,IND,1897,8.25,0.03
India,IND,1898,9.13,0.033
India,IND,1899,10.05,0.036
India,IND,1900,11.93,0.042
India,IND,1901,13.18,0.047
India,IND,1902,14.52,0.051
India,IND,1903,14.8,0.052
India,IND,1904,16.56,0.058
India,IND,1905,16.93,0.059
India,IND,1906,19.55,0.067
India,IND,1907,21.77,0.075
India,IND,1908,24.91,0.085
India,IND,1909,24.14,0.082
India,IND,1910,23.49,0.079
India,IND,1911,24.78,0.084
India,IND,1912,28.52,0.096
India,IND,1913,31.47,0.106
India,IND,1914,31.7,0.107
India,IND,1915,33.14,0.111
India,IND,1916,33.52,0.113
India,IND,1917,35.02,0.117
India,IND,1918,39.36,0.132
India,IND,1919,42.97,0.144
India,IND,1920,34.87,0.116
India,IND,1921,37.5,0.124
India,IND,1922,36.9,0.121
India,IND,1923,37.97,0.123
India,IND,1924,40.63,0.131
India,IND,1925,40.08,0.128
India,IND,1926,39.94,0.126
India,IND,1927,41.88,0.131
India,IND,1928,40.07,0.124
India,IND,1929,41.71,0.128
India,IND,1930,42.4,0.128
India,IND,1931,38.85,0.116
India,IND,1932,36.13,0.107
India,IND,1933,35.47,0.103
India,IND,1934,39.61,0.114
India,IND,1935,41.39,0.117
India,IND,1936,40.68,0.114
India,IND,1937,45.07,0.124
India,IND,1938,50.38,0.137
India,IND,1939,49.31,0.133
India,IND,1940,52.31,0.14
India,IND,1941,53.58,0.143
India,IND,1942,53.53,0.144
India,IND,1943,46.64,0.126
India,IND,1944,47.7,0.13
India,IND,1945,52.87,0.145
India,IND,1946,52.22,0.144
India,IND,1947,53.18,0.148
India,IND,1948,53.2,0.149
India,IND,1949,56.19,0.158
India,IND,1950,60.94,0.176
India,IND,1951,63.81,0.18
India,IND,1952,67.25,0.186
India,IND,1953,68.61,0.185
India,IND,1954,72.31,0.191
India,IND,1955,78.69,0.203
India,IND,1956,81.62,0.206
India,IND,1957,91.62,0.226
India,IND,1958,95.8,0.23
India,IND,1959,101.44,0.238
India,IND,1960,111.32,0.255
India,IND,1961,120.4,0.27
India,IND,1962,132.58,0.29
India,IND,1963,142.44,0.304
India,IND,1964,139.48,0.291
India,IND,1965,153.7,0.314
India,IND,1966,159.37,0.318
India,IND,1967,159.56,0.312
India,IND,1968,174.07,0.333
India,IND,1969,177.41,0.332
India,IND,1970,181.72,0.333
India,IND,1971,191.96,0.344
India,IND,1972,203.04,0.356
India,IND,1973,209.1,0.358
India,IND,1974,215.85,0.362
India,IND,1975,234.21,0.383
India,IND,1976,244.75,0.391
India,IND,1977,258.96,0.404
India,IND,1978,263.15,0.401
India,IND,1979,276.29,0.412
India,IND,1980,291.71,0.424
India,IND,1981,314.97,0.448
India,IND,1982,325.38,0.452
India,IND,1983,352.2,0.478
India,IND,1984,361.57,0.479
India,IND,1985,397.6,0.515
India,IND,1986,426.32,0.539
India,IND,1987,455.35,0.563
India,IND,1988,491.7,0.594
India,IND,1989,540.66,0.639
India,IND,1990,577.99,0.668
India,IND,1991,615.39,0.696
India,IND,1992,655.42,0.726
India,IND,1993,677.26,0.734
India,IND,1994,714.04,0.759
India,IND,1995,760.48,0.792
India,IND,1996,823.6,0.841
India,IND,1997,857.98,0.859
India,IND,1998,875.78,0.86
India,IND,1999,961.19,0.926
India,IND,2000,987.07,0.933
India,IND,2001,1001.2,0.929
India,IND,2002,1032.75,0.941
India,IND,2003,1068.4,0.957
India,IND,2004,1134.61,0.999
India,IND,2005,1195.39,1.035
India,IND,2006,1293.32,1.103
India,IND,2007,1393.49,1.17
India,IND,2008,1490.37,1.234
India,IND,2009,1613.33,1.316
India,IND,2010,1678.53,1.35
India,IND,2011,1765.69,1.4
India,IND,2012,1926.99,1.507
India,IND,2013,1995.34,1.54
India,IND,2014,2148.05,1.637
India,IND,2015,2231.82,1.681
India,IND,2016,2352.54,1.75
India,IND,2017,2425.72,1.784
India,IND,2018,2595.23,1.888
India,IND,2019,2611.17,1.88
India,IND,2020,2422.73,1.727
India,IND,2021,2675.78,1.892
India,IND,2022,2831.13,1.986
India,IND,2023,3062.76,2.13
India,IND,2024,3193.48,2.201
Russia,RUS,1850,0.07,0.002
Russia,RUS,1855,0.21,0.005
Russia,RUS,1858,0.3,0.007
Russia,RUS,1859,0.31,0.007
Russia,RUS,1860,0.41,0.009
Russia,RUS,1861,0.53,0.012
Russia,RUS,1862,0.48,0.01
Russia,RUS,1863,0.5,0.011
Russia,RUS,1864,0.56,0.012
Russia,RUS,1865,0.53,0.011
Russia,RUS,1866,1.69,0.035
Russia,RUS,1867,1.93,0.04
Russia,RUS,1868,1.61,0.033
Russia,RUS,1869,2.18,0.045
Russia,RUS,1870,2.37,0.048
Russia,RUS,1871,3.2,0.064
Russia,RUS,1872,3.28,0.065
Russia,RUS,1873,3.08,0.061
Russia,RUS,1874,3.74,0.073
Russia,RUS,1875,4.3,0.083
Russia,RUS,1876,5.34,0.102
Russia,RUS,1877,5.45,0.104
Russia,RUS,1878,7.13,0.134
Russia,RUS,1879,7.31,0.136
Russia,RUS,1880,8.58,0.159
Russia,RUS,1881,9.04,0.166
Russia,RUS,1882,9.52,0.173
Russia,RUS,1883,10.83,0.195
Russia,RUS,1884,11.0,0.196
Russia,RUS,1885,11.98,0.212
Russia,RUS,1886,12.29,0.215
Russia,RUS,1887,13.0,0.226
Russia,RUS,1888,13.56,0.233
Russia,RUS,1889,14.65,0.25
Russia,RUS,1890,16.59,0.28
Russia,RUS,1891,18.27,0.306
Russia,RUS,1892,19.33,0.321
Russia,RUS,1893,22.66,0.372
Russia,RUS,1894,23.08,0.376
Russia,RUS,1895,26.52,0.428
Russia,RUS,1896,27.0,0.432
Russia,RUS,1897,31.22,0.495
Russia,RUS,1898,35.01,0.55
Russia,RUS,1899,40.61,0.632
Russia,RUS,1900,46.01,0.71
Russia,RUS,1901,47.23,0.722
Russia,RUS,1902,45.62,0.691
Russia,RUS,1903,44.62,0.67
Russia,RUS,1904,49.65,0.738
Russia,RUS,1905,44.32,0.653
Russia,RUS,1906,50.55,0.738
Russia,RUS,1907,56.62,0.82
Russia,RUS,1908,56.97,0.817
Russia,RUS,1909,60.14,0.855
Russia,RUS,1910,58.98,0.831
Russia,RUS,1911,61.14,0.854
Russia,RUS,1912,69.26,0.959
Russia,RUS,1913,75.24,1.032
Russia,RUS,1914,67.91,0.923
Russia,RUS,1915,62.33,0.84
Russia,RUS,1916,66.43,0.887
Russia,RUS,1917,61.14,0.809
Russia,RUS,1918,24.38,0.32
Russia,RUS,1919,20.83,0.27
Russia,RUS,1920,18.99,0.244
Russia,RUS,1921,20.6,0.263
Russia,RUS,1922,25.12,0.317
Russia,RUS,1923,27.75,0.347
Russia,RUS,1924,33.06,0.41
Russia,RUS,1925,32.63,0.401
Russia,RUS,1926,47.27,0.576
Russia,RUS,1927,58.77,0.709
Russia,RUS,1928,65.29,0.781
Russia,RUS,1929,70.32,0.833
Russia,RUS,1930,95.59,1.122
Russia,RUS,1931,114.84,1.336
Russia,RUS,1932,129.39,1.491
Russia,RUS,1933,144.6,1.651
Russia,RUS,1934,174.92,1.979
Russia,RUS,1935,198.0,2.22
Russia,RUS,1936,227.04,2.522
Russia,RUS,1937,232.16,2.555
Russia,RUS,1938,245.03,2.672
Russia,RUS,1939,248.04,2.68
Russia,RUS,1940,297.36,3.184
Russia,RUS,1941,261.24,2.772
Russia,RUS,1942,142.02,1.493
Russia,RUS,1943,148.23,1.544
Russia,RUS,1944,214.95,2.219
Russia,RUS,1945,227.57,2.327
Russia,RUS,1946,255.75,2.592
Russia,RUS,1947,307.96,3.092
Russia,RUS,1948,327.7,3.26
Russia,RUS,1949,372.52,3.672
Russia,RUS,1950,415.23,4.016
Russia,RUS,1951,450.02,4.292
Russia,RUS,1952,481.9,4.532
Russia,RUS,1953,509.83,4.727
Russia,RUS,1954,556.81,5.087
Russia,RUS,1955,631.36,5.68
Russia,RUS,1956,692.23,6.131
Russia,RUS,1957,757.51,6.603
Russia,RUS,1958,808.56,6.935
Russia,RUS,1959,850.09,7.186
Russia,RUS,1960,885.07,7.38
Russia,RUS,1961,912.75,7.506
Russia,RUS,1962,957.99,7.781
Russia,RUS,1963,1027.4,8.256
Russia,RUS,1964,1092.66,8.697
Russia,RUS,1965,1159.12,9.153
Russia,RUS,1966,1224.09,9.598
Russia,RUS,1967,1279.97,9.973
Russia,RUS,1968,1315.94,10.196
Russia,RUS,1969,1370.47,10.561
Russia,RUS,1970,1441.38,11.056
Russia,RUS,1971,1529.6,11.677
Russia,RUS,1972,1609.33,12.217
Russia,RUS,1973,1677.3,12.661
Russia,RUS,1974,1741.16,13.066
Russia,RUS,1975,1830.21,13.644
Russia,RUS,1976,1900.7,14.071
Russia,RUS,1977,1965.35,14.447
Russia,RUS,1978,2032.85,14.841
Russia,RUS,1979,2049.71,14.873
Russia,RUS,1980,2130.36,15.374
Russia,RUS,1981,2089.79,14.997
Russia,RUS,1982,2129.19,15.182
Russia,RUS,1983,2159.39,15.279
Russia,RUS,1984,2178.56,15.292
Russia,RUS,1985,2349.52,16.365
Russia,RUS,1986,2349.9,16.228
Russia,RUS,1987,2358.8,16.14
Russia,RUS,1988,2437.8,16.543
Russia,RUS,1989,2405.7,16.224
Russia,RUS,1990,2536.28,17.024
Russia,RUS,1991,2407.64,16.11
Russia,RUS,1992,1963.46,13.185
Russia,RUS,1993,1866.52,12.6
Russia,RUS,1994,1646.88,11.112
Russia,RUS,1995,1618.29,10.913
Russia,RUS,1996,1586.63,10.714
Russia,RUS,1997,1481.96,10.023
Russia,RUS,1998,1465.86,9.929
Russia,RUS,1999,1494.09,10.147
Russia,RUS,2000,1480.58,10.091
Russia,RUS,2001,1518.08,10.389
Russia,RUS,2002,1508.33,10.335
Russia,RUS,2003,1539.01,10.556
Russia,RUS,2004,1545.35,10.644
Russia,RUS,2005,1563.98,10.816
Russia,RUS,2006,1623.43,11.266
Russia,RUS,2007,1624.32,11.291
Russia,RUS,2008,1652.73,11.492
Russia,RUS,2009,1545.24,10.741
Russia,RUS,2010,1633.15,11.346
Russia,RUS,2011,1684.99,11.698
Russia,RUS,2012,1700.1,11.782
Russia,RUS,2013,1637.55,11.324
Russia,RUS,2014,1637.31,11.298
Russia,RUS,2015,1635.24,11.254
Russia,RUS,2016,1629.33,11.177
Russia,RUS,2017,1661.01,11.362
Russia,RUS,2018,1709.91,11.677
Russia,RUS,2019,1704.46,11.632
Russia,RUS,2020,1631.9,11.149
Russia,RUS,2021,1674.52,11.482
Russia,RUS,2022,1675.46,11.509
Russia,RUS,2023,1733.13,11.916
Russia,RUS,2024,1780.52,12.295
Japan,JPN,1868,0.01,0.0
Japan,JPN,1869,0.02,0.001
Japan,JPN,1870,0.02,0.001
Japan,JPN,1871,0.03,0.001
Japan,JPN,1872,0.03,0.001
Japan,JPN,1873,0.04,0.001
Japan,JPN,1874,0.59,0.017
Japan,JPN,1875,1.44,0.04
Japan,JPN,1876,1.4,0.039
Japan,JPN,1877,1.29,0.036
Japan,JPN,1878,1.86,0.051
Japan,JPN,1879,2.32,0.063
Japan,JPN,1880,2.35,0.064
Japan,JPN,1881,2.41,0.065
Japan,JPN,1882,2.51,0.067
Japan,JPN,1883,2.71,0.072
Japan,JPN,1884,2.96,0.077
Japan,JPN,1885,3.35,0.087
Japan,JPN,1886,3.61,0.093
Japan,JPN,1887,4.47,0.114
Japan,JPN,1888,5.17,0.131
Japan,JPN,1889,6.25,0.157
Japan,JPN,1890,6.76,0.168
Japan,JPN,1891,8.12,0.2
Japan,JPN,1892,8.08,0.197
Japan,JPN,1893,8.57,0.207
Japan,JPN,1894,11.02,0.263
Japan,JPN,1895,12.23,0.289
Japan,JPN,1896,12.92,0.303
Japan,JPN,1897,13.54,0.314
Japan,JPN,1898,17.25,0.396
Japan,JPN,1899,17.27,0.393
Japan,JPN,1900,19.41,0.437
Japan,JPN,1901,23.27,0.518
Japan,JPN,1902,24.94,0.549
Japan,JPN,1903,25.79,0.561
Japan,JPN,1904,29.05,0.625
Japan,JPN,1905,29.93,0.636
Japan,JPN,1906,32.86,0.69
Japan,JPN,1907,35.07,0.728
Japan,JPN,1908,37.63,0.773
Japan,JPN,1909,38.26,0.776
Japan,JPN,1910,39.38,0.79
Japan,JPN,1911,44.21,0.876
Japan,JPN,1912,49.28,0.965
Japan,JPN,1913,54.32,1.05
Japan,JPN,1914,58.02,1.108
Japan,JPN,1915,52.84,0.997
Japan,JPN,1916,58.6,1.093
Japan,JPN,1917,67.48,1.243
Japan,JPN,1918,71.54,1.303
Japan,JPN,1919,79.19,1.424
Japan,JPN,1920,74.28,1.319
Japan,JPN,1921,66.81,1.171
Japan,JPN,1922,71.43,1.235
Japan,JPN,1923,75.91,1.294
Japan,JPN,1924,79.35,1.334
Japan,JPN,1925,82.01,1.359
Japan,JPN,1926,82.6,1.35
Japan,JPN,1927,89.48,1.442
Japan,JPN,1928,92.39,1.468
Japan,JPN,1929,94.88,1.487
Japan,JPN,1930,86.17,1.332
Japan,JPN,1931,77.9,1.189
Japan,JPN,1932,77.98,1.175
Japan,JPN,1933,91.34,1.358
Japan,JPN,1934,101.2,1.486
Japan,JPN,1935,106.38,1.542
Japan,JPN,1936,116.85,1.672
Japan,JPN,1937,125.43,1.772
Japan,JPN,1938,131.74,1.838
Japan,JPN,1939,127.75,1.759
Japan,JPN,1940,153.24,2.082
Japan,JPN,1941,154.6,2.073
Japan,JPN,1942,147.79,1.955
Japan,JPN,1943,150.64,1.965
Japan,JPN,1944,138.73,1.785
Japan,JPN,1945,76.64,0.972
Japan,JPN,1946,52.71,0.66
Japan,JPN,1947,70.03,0.864
Japan,JPN,1948,88.08,1.072
Japan,JPN,1949,98.42,1.182
Japan,JPN,1950,102.54,1.186
Japan,JPN,1951,123.38,1.404
Japan,JPN,1952,130.36,1.463
Japan,JPN,1953,145.87,1.615
Japan,JPN,1954,142.66,1.561
Japan,JPN,1955,142.01,1.536
Japan,JPN,1956,160.8,1.723
Japan,JPN,1957,188.28,2.001
Japan,JPN,1958,181.42,1.913
Japan,JPN,1959,192.92,2.018
Japan,JPN,1960,232.83,2.415
Japan,JPN,1961,283.13,2.912
Japan,JPN,1962,293.28,2.99
Japan,JPN,1963,325.27,3.287
Japan,JPN,1964,359.35,3.597
Japan,JPN,1965,386.97,3.835
Japan,JPN,1966,419.78,4.12
Japan,JPN,1967,489.92,4.758
Japan,JPN,1968,562.57,5.397
Japan,JPN,1969,653.85,6.199
Japan,JPN,1970,769.75,7.213
Japan,JPN,1971,799.65,7.407
Japan,JPN,1972,861.05,7.882
Japan,JPN,1973,914.27,8.265
Japan,JPN,1974,914.31,8.163
Japan,JPN,1975,869.81,7.676
Japan,JPN,1976,909.58,7.944
Japan,JPN,1977,935.55,8.095
Japan,JPN,1978,905.09,7.764
Japan,JPN,1979,957.15,8.144
Japan,JPN,1980,948.55,8.014
Japan,JPN,1981,930.38,7.819
Japan,JPN,1982,900.72,7.538
Japan,JPN,1983,884.42,7.373
Japan,JPN,1984,940.54,7.813
Japan,JPN,1985,915.28,7.575
Japan,JPN,1986,914.05,7.531
Japan,JPN,1987,902.21,7.399
Japan,JPN,1988,984.7,8.04
Japan,JPN,1989,1021.3,8.307
Japan,JPN,1990,1154.85,9.359
Japan,JPN,1991,1166.55,9.416
Japan,JPN,1992,1175.45,9.45
Japan,JPN,1993,1169.33,9.367
Japan,JPN,1994,1223.16,9.763
Japan,JPN,1995,1235.87,9.834
Japan,JPN,1996,1248.69,9.912
Japan,JPN,1997,1240.98,9.828
Japan,JPN,1998,1201.33,9.493
Japan,JPN,1999,1238.12,9.764
Japan,JPN,2000,1260.2,9.921
Japan,JPN,2001,1245.94,9.79
Japan,JPN,2002,1275.42,10.005
Japan,JPN,2003,1283.85,10.056
Japan,JPN,2004,1279.12,10.008
Japan,JPN,2005,1286.41,10.057
Japan,JPN,2006,1263.44,9.871
Japan,JPN,2007,1298.97,10.141
Japan,JPN,2008,1228.69,9.587
Japan,JPN,2009,1160.25,9.051
Japan,JPN,2010,1211.09,9.448
Japan,JPN,2011,1261.18,9.846
Japan,JPN,2012,1302.11,10.178
Japan,JPN,2013,1311.88,10.271
Japan,JPN,2014,1260.27,9.886
Japan,JPN,2015,1219.98,9.585
Japan,JPN,2016,1199.93,9.436
Japan,JPN,2017,1184.39,9.321
Japan,JPN,2018,1138.55,8.971
Japan,JPN,2019,1102.06,8.698
Japan,JPN,2020,1037.28,8.213
Japan,JPN,2021,1058.5,8.422
Japan,JPN,2022,1029.64,8.237
Japan,JPN,2023,986.91,7.935
Japan,JPN,2024,961.87,7.772
Germany,DEU,1850,15.14,0.449
Germany,DEU,1851,16.87,0.496
Germany,DEU,1852,19.17,0.56
Germany,DEU,1853,20.76,0.602
Germany,DEU,1854,24.37,0.702
Germany,DEU,1855,28.62,0.818
Germany,DEU,1856,30.92,0.878
Germany,DEU,1857,32.94,0.929
Germany,DEU,1858,35.61,0.997
Germany,DEU,1859,33.81,0.939
Germany,DEU,1860,36.39,1.003
Germany,DEU,1861,41.33,1.13
Germany,DEU,1862,45.54,1.235
Germany,DEU,1863,49.38,1.327
Germany,DEU,1864,56.64,1.508
Germany,DEU,1865,63.47,1.675
Germany,DEU,1866,62.91,1.646
Germany,DEU,1867,69.15,1.793
Germany,DEU,1868,74.37,1.911
Germany,DEU,1869,77.59,1.975
Germany,DEU,1870,76.64,1.932
Germany,DEU,1871,85.35,2.13
Germany,DEU,1872,92.11,2.275
Germany,DEU,1873,98.37,2.403
Germany,DEU,1874,71.59,1.73
Germany,DEU,1875,101.52,2.427
Germany,DEU,1876,103.44,2.447
Germany,DEU,1877,101.3,2.37
Germany,DEU,1878,104.54,2.42
Germany,DEU,1879,110.85,2.539
Germany,DEU,1880,124.5,2.822
Germany,DEU,1881,134.26,3.013
Germany,DEU,1882,143.67,3.193
Germany,DEU,1883,153.09,3.37
Germany,DEU,1884,157.53,3.435
Germany,DEU,1885,161.18,3.482
Germany,DEU,1886,163.03,3.488
Germany,DEU,1887,170.39,3.611
Germany,DEU,1888,186.35,3.912
Germany,DEU,1889,198.85,4.132
Germany,DEU,1890,208.23,4.278
Germany,DEU,1891,220.84,4.482
Germany,DEU,1892,214.99,4.308
Germany,DEU,1893,220.71,4.362
Germany,DEU,1894,229.5,4.473
Germany,DEU,1895,238.28,4.581
Germany,DEU,1896,256.26,4.859
Germany,DEU,1897,273.55,5.116
Germany,DEU,1898,285.38,5.264
Germany,DEU,1899,303.28,5.516
Germany,DEU,1900,326.76,5.858
Germany,DEU,1901,325.56,5.753
Germany,DEU,1902,319.19,5.558
Germany,DEU,1903,343.6,5.894
Germany,DEU,1904,356.12,6.017
Germany,DEU,1905,382.32,6.364
Germany,DEU,1906,361.94,5.935
Germany,DEU,1907,442.18,7.143
Germany,DEU,1908,446.64,7.108
Germany,DEU,1909,445.57,7.011
Germany,DEU,1910,445.37,6.953
Germany,DEU,1911,458.59,7.128
Germany,DEU,1912,499.12,7.752
Germany,DEU,1913,535.08,8.333
Germany,DEU,1914,497.93,7.776
Germany,DEU,1915,462.91,7.249
Germany,DEU,1916,500.7,7.862
Germany,DEU,1917,524.58,8.26
Germany,DEU,1918,503.42,7.952
Germany,DEU,1919,387.43,6.128
Germany,DEU,1920,429.21,6.783
Germany,DEU,1921,473.18,7.458
Germany,DEU,1922,455.46,7.145
Germany,DEU,1923,331.93,5.173
Germany,DEU,1924,451.79,6.994
Germany,DEU,1925,458.07,7.044
Germany,DEU,1926,413.24,6.312
Germany,DEU,1927,481.19,7.302
Germany,DEU,1928,505.01,7.612
Germany,DEU,1929,539.23,8.074
Germany,DEU,1930,462.09,6.872
Germany,DEU,1931,385.96,5.7
Germany,DEU,1932,347.49,5.096
Germany,DEU,1933,364.98,5.315
Germany,DEU,1934,408.62,5.909
Germany,DEU,1935,452.33,6.495
Germany,DEU,1936,499.63,7.124
Germany,DEU,1937,563.51,7.978
Germany,DEU,1938,601.27,8.453
Germany,DEU,1939,648.63,9.072
Germany,DEU,1940,654.33,9.121
Germany,DEU,1941,660.79,9.197
Germany,DEU,1942,667.9,9.298
Germany,DEU,1943,679.43,9.479
Germany,DEU,1944,600.27,8.392
Germany,DEU,1945,116.06,1.626
Germany,DEU,1946,271.68,3.814
Germany,DEU,1947,317.66,4.469
Germany,DEU,1948,377.82,5.327
Germany,DEU,1949,432.15,6.096
Germany,DEU,1950,510.5,7.309
Germany,DEU,1951,576.63,8.263
Germany,DEU,1952,610.76,8.747
Germany,DEU,1953,623.25,8.912
Germany,DEU,1954,659.49,9.407
Germany,DEU,1955,723.23,10.283
Germany,DEU,1956,765.94,10.847
Germany,DEU,1957,777.67,10.939
Germany,DEU,1958,756.12,10.546
Germany,DEU,1959,755.48,10.458
Germany,DEU,1960,813.6,11.174
Germany,DEU,1961,834.51,11.373
Germany,DEU,1962,882.84,11.931
Germany,DEU,1963,945.24,12.654
Germany,DEU,1964,968.63,12.861
Germany,DEU,1965,959.84,12.635
Germany,DEU,1966,951.15,12.415
Germany,DEU,1967,936.01,12.161
Germany,DEU,1968,984.58,12.734
Germany,DEU,1969,1051.8,13.494
Germany,DEU,1970,1025.8,13.117
Germany,DEU,1971,1037.08,13.237
Germany,DEU,1972,1041.36,13.229
Germany,DEU,1973,1085.6,13.748
Germany,DEU,1974,1062.51,13.45
Germany,DEU,1975,1002.29,12.735
Germany,DEU,1976,1090.81,13.92
Germany,DEU,1977,1052.51,13.462
Germany,DEU,1978,1079.07,13.814
Germany,DEU,1979,1117.75,14.303
Germany,DEU,1980,1099.9,14.045
Germany,DEU,1981,1048.36,13.364
Germany,DEU,1982,1015.5,12.954
Germany,DEU,1983,1011.44,12.93
Germany,DEU,1984,1033.02,13.244
Germany,DEU,1985,1043.91,13.407
Germany,DEU,1986,1047.23,13.439
Germany,DEU,1987,1032.27,13.224
Germany,DEU,1988,1028.7,13.124
Germany,DEU,1989,1008.57,12.766
Germany,DEU,1990,1054.8,13.233
Germany,DEU,1991,1016.93,12.664
Germany,DEU,1992,969.46,11.978
Germany,DEU,1993,959.39,11.774
Germany,DEU,1994,943.23,11.535
Germany,DEU,1995,939.93,11.46
Germany,DEU,1996,959.69,11.666
Germany,DEU,1997,931.51,11.306
Germany,DEU,1998,923.5,11.261
Germany,DEU,1999,895.44,10.963
Germany,DEU,2000,898.98,10.99
Germany,DEU,2001,915.25,11.171
Germany,DEU,2002,898.83,10.952
Germany,DEU,2003,894.5,10.894
Germany,DEU,2004,876.57,10.678
Germany,DEU,2005,867.88,10.578
Germany,DEU,2006,886.43,10.85
Germany,DEU,2007,846.15,10.408
Germany,DEU,2008,856.64,10.561
Germany,DEU,2009,789.98,9.761
Germany,DEU,2010,826.7,10.228
Germany,DEU,2011,804.54,9.95
Germany,DEU,2012,814.09,10.061
Germany,DEU,2013,831.75,10.263
Germany,DEU,2014,792.58,9.74
Germany,DEU,2015,800.82,9.757
Germany,DEU,2016,797.99,9.642
Germany,DEU,2017,784.6,9.441
Germany,DEU,2018,758.77,9.101
Germany,DEU,2019,708.65,8.481
Germany,DEU,2020,647.18,7.739
Germany,DEU,2021,678.0,8.101
Germany,DEU,2022,667.84,7.942
Germany,DEU,2023,593.77,7.023
Germany,DEU,2024,572.32,6.769
United Kingdom,GBR,1850,122.35,4.489
United Kingdom,GBR,1851,116.41,4.253
United Kingdom,GBR,1852,116.0,4.216
United Kingdom,GBR,1853,115.36,4.167
United Kingdom,GBR,1854,139.01,4.992
United Kingdom,GBR,1855,130.17,4.646
United Kingdom,GBR,1856,140.08,4.969
United Kingdom,GBR,1857,137.57,4.851
United Kingdom,GBR,1858,134.83,4.725
United Kingdom,GBR,1859,149.7,5.213
United Kingdom,GBR,1860,167.95,5.807
United Kingdom,GBR,1861,175.05,6.008
United Kingdom,GBR,1862,169.47,5.771
United Kingdom,GBR,1863,180.22,6.086
United Kingdom,GBR,1864,193.91,6.494
United Kingdom,GBR,1865,205.49,6.825
United Kingdom,GBR,1866,211.73,6.974
United Kingdom,GBR,1867,217.37,7.101
United Kingdom,GBR,1868,213.22,6.907
United Kingdom,GBR,1869,223.71,7.185
United Kingdom,GBR,1870,228.49,7.274
United Kingdom,GBR,1871,242.04,7.635
United Kingdom,GBR,1872,254.99,7.967
United Kingdom,GBR,1873,264.66,8.189
United Kingdom,GBR,1874,257.19,7.881
United Kingdom,GBR,1875,271.49,8.238
United Kingdom,GBR,1876,271.02,8.144
United Kingdom,GBR,1877,275.9,8.211
United Kingdom,GBR,1878,270.97,7.986
United Kingdom,GBR,1879,272.65,7.96
United Kingdom,GBR,1880,297.12,8.597
United Kingdom,GBR,1881,312.31,8.959
United Kingdom,GBR,1882,314.96,8.961
United Kingdom,GBR,1883,327.73,9.25
United Kingdom,GBR,1884,319.1,8.936
United Kingdom,GBR,1885,315.29,8.759
United Kingdom,GBR,1886,312.43,8.611
United Kingdom,GBR,1887,320.44,8.763
United Kingdom,GBR,1888,333.17,9.039
United Kingdom,GBR,1889,345.02,9.284
United Kingdom,GBR,1890,353.02,9.419
United Kingdom,GBR,1891,360.47,9.534
United Kingdom,GBR,1892,353.01,9.252
United Kingdom,GBR,1893,316.21,8.211
United Kingdom,GBR,1894,362.1,9.316
United Kingdom,GBR,1895,365.55,9.317
United Kingdom,GBR,1896,375.98,9.494
United Kingdom,GBR,1897,385.97,9.656
United Kingdom,GBR,1898,386.88,9.589
United Kingdom,GBR,1899,414.55,10.181
United Kingdom,GBR,1900,419.74,10.215
United Kingdom,GBR,1901,410.7,9.906
United Kingdom,GBR,1902,426.64,10.2
United Kingdom,GBR,1903,429.99,10.191
United Kingdom,GBR,1904,431.99,10.15
United Kingdom,GBR,1905,437.67,10.194
United Kingdom,GBR,1906,453.35,10.467
United Kingdom,GBR,1907,473.57,10.839
United Kingdom,GBR,1908,461.96,10.482
United Kingdom,GBR,1909,466.09,10.493
United Kingdom,GBR,1910,469.73,10.503
United Kingdom,GBR,1911,481.35,10.699
United Kingdom,GBR,1912,455.89,10.082
United Kingdom,GBR,1913,498.32,10.975
United Kingdom,GBR,1914,483.18,10.598
United Kingdom,GBR,1915,489.48,10.692
United Kingdom,GBR,1916,507.07,11.03
United Kingdom,GBR,1917,501.17,10.857
United Kingdom,GBR,1918,466.85,10.072
United Kingdom,GBR,1919,456.13,9.812
United Kingdom,GBR,1920,480.47,10.318
United Kingdom,GBR,1921,332.19,7.131
United Kingdom,GBR,1922,439.61,9.444
United Kingdom,GBR,1923,466.07,10.034
United Kingdom,GBR,1924,488.24,10.533
United Kingdom,GBR,1925,461.0,9.965
United Kingdom,GBR,1926,261.07,5.655
United Kingdom,GBR,1927,481.34,10.448
United Kingdom,GBR,1928,454.45,9.885
United Kingdom,GBR,1929,478.21,10.408
United Kingdom,GBR,1930,460.8,10.022
United Kingdom,GBR,1931,430.98,9.353
United Kingdom,GBR,1932,414.56,8.964
United Kingdom,GBR,1933,412.27,8.87
United Kingdom,GBR,1934,445.28,9.532
United Kingdom,GBR,1935,451.21,9.61
United Kingdom,GBR,1936,476.54,10.099
United Kingdom,GBR,1937,491.7,10.368
United Kingdom,GBR,1938,472.76,9.919
United Kingdom,GBR,1939,474.29,9.904
United Kingdom,GBR,1940,500.08,10.395
United Kingdom,GBR,1941,499.8,10.344
United Kingdom,GBR,1942,493.0,10.162
United Kingdom,GBR,1943,490.22,10.065
United Kingdom,GBR,1944,489.67,10.015
United Kingdom,GBR,1945,453.07,9.231
United Kingdom,GBR,1946,464.41,9.426
United Kingdom,GBR,1947,485.23,9.81
United Kingdom,GBR,1948,503.51,10.14
United Kingdom,GBR,1949,507.55,10.181
United Kingdom,GBR,1950,499.23,9.96
United Kingdom,GBR,1951,543.79,10.801
United Kingdom,GBR,1952,527.41,10.445
United Kingdom,GBR,1953,539.1,10.627
United Kingdom,GBR,1954,552.03,10.833
United Kingdom,GBR,1955,576.12,11.257
United Kingdom,GBR,1956,573.74,11.162
United Kingdom,GBR,1957,570.25,11.039
United Kingdom,GBR,1958,555.99,10.705
United Kingdom,GBR,1959,546.36,10.461
United Kingdom,GBR,1960,583.9,11.114
United Kingdom,GBR,1961,588.58,11.129
United Kingdom,GBR,1962,592.92,11.13
United Kingdom,GBR,1963,603.38,11.246
United Kingdom,GBR,1964,607.87,11.255
United Kingdom,GBR,1965,622.12,11.445
United Kingdom,GBR,1966,618.08,11.304
United Kingdom,GBR,1967,592.06,10.77
United Kingdom,GBR,1968,606.5,10.979
United Kingdom,GBR,1969,628.39,11.331
United Kingdom,GBR,1970,652.58,11.724
United Kingdom,GBR,1971,660.4,11.816
United Kingdom,GBR,1972,648.03,11.556
United Kingdom,GBR,1973,659.58,11.739
United Kingdom,GBR,1974,617.19,10.977
United Kingdom,GBR,1975,603.25,10.73
United Kingdom,GBR,1976,598.53,10.65
United Kingdom,GBR,1977,604.37,10.759
United Kingdom,GBR,1978,604.73,10.765
United Kingdom,GBR,1979,644.51,11.464
United Kingdom,GBR,1980,579.04,10.288
United Kingdom,GBR,1981,560.55,9.956
United Kingdom,GBR,1982,548.23,9.739
United Kingdom,GBR,1983,545.47,9.683
United Kingdom,GBR,1984,529.1,9.373
United Kingdom,GBR,1985,559.63,9.886
United Kingdom,GBR,1986,568.57,10.018
United Kingdom,GBR,1987,571.65,10.049
United Kingdom,GBR,1988,570.28,10.0
United Kingdom,GBR,1989,581.56,10.17
United Kingdom,GBR,1990,601.95,10.493
United Kingdom,GBR,1991,609.41,10.588
United Kingdom,GBR,1992,593.85,10.289
United Kingdom,GBR,1993,579.61,10.017
United Kingdom,GBR,1994,574.02,9.896
United Kingdom,GBR,1995,566.16,9.735
United Kingdom,GBR,1996,586.76,10.065
United Kingdom,GBR,1997,562.71,9.628
United Kingdom,GBR,1998,568.54,9.698
United Kingdom,GBR,1999,561.65,9.546
United Kingdom,GBR,2000,569.03,9.635
United Kingdom,GBR,2001,577.97,9.749
United Kingdom,GBR,2002,560.27,9.41
United Kingdom,GBR,2003,571.62,9.556
United Kingdom,GBR,2004,573.43,9.53
United Kingdom,GBR,2005,570.34,9.412
United Kingdom,GBR,2006,567.85,9.301
United Kingdom,GBR,2007,559.57,9.093
United Kingdom,GBR,2008,544.93,8.785
United Kingdom,GBR,2009,494.11,7.905
United Kingdom,GBR,2010,511.9,8.125
United Kingdom,GBR,2011,469.71,7.396
United Kingdom,GBR,2012,487.48,7.622
United Kingdom,GBR,2013,477.61,7.418
United Kingdom,GBR,2014,438.81,6.765
United Kingdom,GBR,2015,422.46,6.461
United Kingdom,GBR,2016,399.43,6.062
United Kingdom,GBR,2017,387.37,5.838
United Kingdom,GBR,2018,379.73,5.689
United Kingdom,GBR,2019,364.75,5.435
United Kingdom,GBR,2020,326.26,4.844
United Kingdom,GBR,2021,342.37,5.059
United Kingdom,GBR,2022,311.12,4.563
United Kingdom,GBR,2023,307.83,4.482
United Kingdom,GBR,2024,312.91,4.526
France,FRA,1850,19.62,0.54
France,FRA,1851,20.04,0.55
France,FRA,1852,21.57,0.591
France,FRA,1853,25.34,0.692
France,FRA,1854,29.21,0.796
France,FRA,1855,33.07,0.899
France,FRA,1856,34.63,0.94
France,FRA,1857,35.28,0.955
France,FRA,1858,34.6,0.934
France,FRA,1859,34.99,0.943
France,FRA,1860,38.13,1.025
France,FRA,1861,41.24,1.106
France,FRA,1862,43.52,1.164
France,FRA,1863,44.19,1.178
France,FRA,1864,46.83,1.245
France,FRA,1865,49.3,1.308
France,FRA,1866,53.56,1.417
France,FRA,1867,54.28,1.432
France,FRA,1868,55.53,1.461
France,FRA,1869,56.94,1.494
France,FRA,1870,50.54,1.323
France,FRA,1871,50.26,1.314
France,FRA,1872,60.92,1.59
France,FRA,1873,65.85,1.716
France,FRA,1874,62.64,1.631
France,FRA,1875,65.26,1.697
France,FRA,1876,65.36,1.697
France,FRA,1877,63.93,1.658
France,FRA,1878,65.22,1.689
France,FRA,1879,67.5,1.746
France,FRA,1880,76.15,1.966
France,FRA,1881,77.98,2.01
France,FRA,1882,82.31,2.117
France,FRA,1883,86.32,2.215
France,FRA,1884,82.91,2.123
France,FRA,1885,79.71,2.037
France,FRA,1886,79.07,2.016
France,FRA,1887,83.29,2.119
France,FRA,1888,86.65,2.2
France,FRA,1889,88.8,2.25
France,FRA,1890,97.82,2.474
France,FRA,1891,97.98,2.475
France,FRA,1892,98.12,2.475
France,FRA,1893,96.33,2.427
France,FRA,1894,101.9,2.564
France,FRA,1895,102.78,2.583
France,FRA,1896,106.28,2.668
France,FRA,1897,111.26,2.79
France,FRA,1898,115.05,2.882
France,FRA,1899,120.3,3.01
France,FRA,1900,129.28,3.23
France,FRA,1901,125.0,3.12
France,FRA,1902,117.66,2.933
France,FRA,1903,129.34,3.22
France,FRA,1904,126.0,3.133
France,FRA,1905,127.43,3.165
France,FRA,1906,136.57,3.387
France,FRA,1907,145.6,3.607
France,FRA,1908,146.71,3.63
France,FRA,1909,150.1,3.714
France,FRA,1910,150.61,3.733
France,FRA,1911,156.91,3.901
France,FRA,1912,158.58,3.96
France,FRA,1913,171.11,4.298
France,FRA,1914,118.35,2.99
France,FRA,1915,103.23,2.623
France,FRA,1916,109.69,2.804
France,FRA,1917,121.6,3.126
France,FRA,1918,108.45,2.804
France,FRA,1919,116.14,3.012
France,FRA,1920,151.78,3.939
France,FRA,1921,137.91,3.573
France,FRA,1922,163.15,4.21
France,FRA,1923,184.19,4.722
France,FRA,1924,206.63,5.264
France,FRA,1925,213.83,5.412
France,FRA,1926,213.73,5.374
France,FRA,1927,213.04,5.322
France,FRA,1928,211.62,5.253
France,FRA,1929,234.28,5.787
France,FRA,1930,237.63,5.85
France,FRA,1931,217.49,5.345
France,FRA,1932,191.78,4.713
France,FRA,1933,199.39,4.907
France,FRA,1934,201.35,4.963
France,FRA,1935,195.37,4.823
France,FRA,1936,198.08,4.897
France,FRA,1937,217.71,5.39
France,FRA,1938,201.8,5.003
France,FRA,1939,194.62,4.827
France,FRA,1940,137.74,3.415
France,FRA,1941,119.93,2.968
France,FRA,1942,122.5,3.024
France,FRA,1943,125.25,3.081
France,FRA,1944,79.99,1.96
France,FRA,1945,107.17,2.617
France,FRA,1946,165.25,4.02
France,FRA,1947,183.62,4.451
France,FRA,1948,196.5,4.746
France,FRA,1949,229.05,5.506
France,FRA,1950,202.45,4.834
France,FRA,1951,228.95,5.408
France,FRA,1952,227.22,5.311
France,FRA,1953,214.77,4.968
France,FRA,1954,226.6,5.188
France,FRA,1955,239.27,5.421
France,FRA,1956,268.81,6.029
France,FRA,1957,277.88,6.17
France,FRA,1958,266.53,5.859
France,FRA,1959,262.33,5.707
France,FRA,1960,298.4,6.427
France,FRA,1961,318.16,6.785
France,FRA,1962,335.54,7.086
France,FRA,1963,340.42,7.119
France,FRA,1964,371.37,7.686
France,FRA,1965,365.84,7.501
France,FRA,1966,382.84,7.784
France,FRA,1967,407.29,8.216
France,FRA,1968,421.12,8.431
France,FRA,1969,446.58,8.869
France,FRA,1970,463.95,9.13
France,FRA,1971,497.05,9.69
France,FRA,1972,517.59,10.003
France,FRA,1973,542.65,10.403
France,FRA,1974,524.74,9.994
France,FRA,1975,486.02,9.214
France,FRA,1976,527.37,9.958
France,FRA,1977,511.27,9.611
France,FRA,1978,532.68,9.97
France,FRA,1979,536.05,9.99
France,FRA,1980,514.51,9.538
France,FRA,1981,462.6,8.526
France,FRA,1982,443.4,8.123
France,FRA,1983,426.04,7.762
France,FRA,1984,414.66,7.515
France,FRA,1985,407.8,7.352
France,FRA,1986,392.87,7.047
France,FRA,1987,390.13,6.961
France,FRA,1988,387.6,6.877
France,FRA,1989,401.47,7.082
France,FRA,1990,394.9,6.929
France,FRA,1991,419.12,7.318
France,FRA,1992,408.43,7.096
France,FRA,1993,388.89,6.728
France,FRA,1994,381.9,6.585
France,FRA,1995,386.96,6.65
France,FRA,1996,403.35,6.909
France,FRA,1997,396.02,6.762
France,FRA,1998,414.36,7.049
France,FRA,1999,413.07,6.991
France,FRA,2000,407.44,6.85
France,FRA,2001,411.59,6.871
France,FRA,2002,407.03,6.747
France,FRA,2003,412.99,6.799
France,FRA,2004,414.07,6.769
France,FRA,2005,416.34,6.756
France,FRA,2006,406.67,6.554
France,FRA,2007,396.46,6.35
France,FRA,2008,389.79,6.209
France,FRA,2009,371.4,5.885
France,FRA,2010,377.08,5.946
France,FRA,2011,355.13,5.572
France,FRA,2012,358.1,5.59
France,FRA,2013,360.01,5.591
France,FRA,2014,327.81,5.067
France,FRA,2015,332.13,5.116
France,FRA,2016,335.5,5.155
France,FRA,2017,338.37,5.183
France,FRA,2018,323.1,4.931
France,FRA,2019,316.32,4.812
France,FRA,2020,281.52,4.272
France,FRA,2021,307.27,4.65
France,FRA,2022,295.3,4.456
France,FRA,2023,270.26,4.068
France,FRA,2024,264.16,3.969
Italy,ITA,1860,0.03,0.001
Italy,ITA,1861,0.67,0.026
Italy,ITA,1862,1.23,0.047
Italy,ITA,1863,1.07,0.04
Italy,ITA,1864,1.6,0.06
Italy,ITA,1865,1.27,0.047
Italy,ITA,1866,1.48,0.055
Italy,ITA,1867,1.47,0.054
Italy,ITA,1868,1.7,0.062
Italy,ITA,1869,1.87,0.068
Italy,ITA,1870,2.68,0.097
Italy,ITA,1871,2.31,0.083
Italy,ITA,1872,2.98,0.106
Italy,ITA,1873,2.77,0.098
Italy,ITA,1874,3.0,0.106
Italy,ITA,1875,3.07,0.107
Italy,ITA,1876,4.11,0.143
Italy,ITA,1877,3.8,0.132
Italy,ITA,1878,3.78,0.13
Italy,ITA,1879,4.36,0.149
Italy,ITA,1880,5.07,0.173
Italy,ITA,1881,5.96,0.202
Italy,ITA,1882,6.27,0.211
Italy,ITA,1883,6.65,0.222
Italy,ITA,1884,7.36,0.244
Italy,ITA,1885,8.38,0.276
Italy,ITA,1886,8.33,0.272
Italy,ITA,1887,10.15,0.33
Italy,ITA,1888,10.9,0.352
Italy,ITA,1889,11.26,0.361
Italy,ITA,1890,12.21,0.389
Italy,ITA,1891,11.0,0.348
Italy,ITA,1892,10.89,0.343
Italy,ITA,1893,10.52,0.329
Italy,ITA,1894,13.06,0.406
Italy,ITA,1895,12.02,0.372
Italy,ITA,1896,11.42,0.351
Italy,ITA,1897,11.92,0.364
Italy,ITA,1898,12.4,0.377
Italy,ITA,1899,13.59,0.41
Italy,ITA,1900,13.91,0.417
Italy,ITA,1901,13.52,0.403
Italy,ITA,1902,15.02,0.444
Italy,ITA,1903,15.32,0.449
Italy,ITA,1904,16.19,0.471
Italy,ITA,1905,17.84,0.515
Italy,ITA,1906,21.09,0.604
Italy,ITA,1907,22.81,0.648
Italy,ITA,1908,23.26,0.655
Italy,ITA,1909,25.7,0.719
Italy,ITA,1910,25.74,0.716
Italy,ITA,1911,26.54,0.735
Italy,ITA,1912,27.85,0.769
Italy,ITA,1913,29.96,0.826
Italy,ITA,1914,27.24,0.749
Italy,ITA,1915,23.78,0.653
Italy,ITA,1916,23.51,0.644
Italy,ITA,1917,16.12,0.441
Italy,ITA,1918,18.98,0.518
Italy,ITA,1919,18.61,0.506
Italy,ITA,1920,17.87,0.483
Italy,ITA,1921,21.88,0.588
Italy,ITA,1922,25.7,0.686
Italy,ITA,1923,26.82,0.71
Italy,ITA,1924,32.18,0.844
Italy,ITA,1925,30.97,0.805
Italy,ITA,1926,35.84,0.924
Italy,ITA,1927,40.38,1.032
Italy,ITA,1928,38.15,0.966
Italy,ITA,1929,44.03,1.106
Italy,ITA,1930,39.55,0.985
Italy,ITA,1931,34.17,0.844
Italy,ITA,1932,28.06,0.687
Italy,ITA,1933,30.47,0.74
Italy,ITA,1934,39.66,0.955
Italy,ITA,1935,45.38,1.084
Italy,ITA,1936,31.99,0.758
Italy,ITA,1937,45.17,1.061
Italy,ITA,1938,44.98,1.047
Italy,ITA,1939,46.12,1.066
Italy,ITA,1940,49.03,1.125
Italy,ITA,1941,42.89,0.977
Italy,ITA,1942,41.89,0.948
Italy,ITA,1943,7.11,0.16
Italy,ITA,1944,3.58,0.08
Italy,ITA,1945,4.35,0.097
Italy,ITA,1946,22.17,0.49
Italy,ITA,1947,36.79,0.808
Italy,ITA,1948,35.53,0.775
Italy,ITA,1949,39.77,0.863
Italy,ITA,1950,41.43,0.893
Italy,ITA,1951,48.82,1.044
Italy,ITA,1952,50.62,1.077
Italy,ITA,1953,56.0,1.181
Italy,ITA,1954,64.95,1.358
Italy,ITA,1955,73.27,1.522
Italy,ITA,1956,83.48,1.725
Italy,ITA,1957,87.08,1.79
Italy,ITA,1958,87.6,1.79
Italy,ITA,1959,94.1,1.912
Italy,ITA,1960,109.22,2.206
Italy,ITA,1961,124.39,2.497
Italy,ITA,1962,146.27,2.915
Italy,ITA,1963,164.57,3.254
Italy,ITA,1964,175.74,3.445
Italy,ITA,1965,189.54,3.682
Italy,ITA,1966,214.0,4.122
Italy,ITA,1967,234.15,4.474
Italy,ITA,1968,249.19,4.727
Italy,ITA,1969,269.68,5.082
Italy,ITA,1970,296.38,5.551
Italy,ITA,1971,311.06,5.792
Italy,ITA,1972,328.24,6.071
Italy,ITA,1973,353.36,6.489
Italy,ITA,1974,358.26,6.535
Italy,ITA,1975,341.06,6.182
Italy,ITA,1976,365.8,6.596
Italy,ITA,1977,354.42,6.361
Italy,ITA,1978,371.28,6.637
Italy,ITA,1979,385.26,6.863
Italy,ITA,1980,386.44,6.85
Italy,ITA,1981,375.31,6.625
Italy,ITA,1982,366.88,6.468
Italy,ITA,1983,358.41,6.314
Italy,ITA,1984,364.6,6.418
Italy,ITA,1985,368.99,6.49
Italy,ITA,1986,363.19,6.386
Italy,ITA,1987,380.1,6.681
Italy,ITA,1988,385.96,6.78
Italy,ITA,1989,404.74,7.104
Italy,ITA,1990,438.21,7.684
Italy,ITA,1991,437.74,7.67
Italy,ITA,1992,437.94,7.666
Italy,ITA,1993,430.27,7.526
Italy,ITA,1994,424.51,7.393
Italy,ITA,1995,448.6,7.815
Italy,ITA,1996,442.84,7.747
Italy,ITA,1997,448.57,7.844
Italy,ITA,1998,460.82,8.054
Italy,ITA,1999,465.51,8.132
Italy,ITA,2000,469.6,8.199
Italy,ITA,2001,469.68,8.196
Italy,ITA,2002,477.14,8.309
Italy,ITA,2003,495.09,8.575
Italy,ITA,2004,500.69,8.606
Italy,ITA,2005,501.37,8.567
Italy,ITA,2006,496.07,8.443
Italy,ITA,2007,489.79,8.286
Italy,ITA,2008,478.13,8.028
Italy,ITA,2009,424.03,7.079
Italy,ITA,2010,435.67,7.241
Italy,ITA,2011,423.9,7.022
Italy,ITA,2012,403.44,6.665
Italy,ITA,2013,369.46,6.091
Italy,ITA,2014,349.39,5.759
Italy,ITA,2015,361.24,5.964
Italy,ITA,2016,358.13,5.922
Italy,ITA,2017,352.67,5.84
Italy,ITA,2018,349.05,5.791
Italy,ITA,2019,339.64,5.648
Italy,ITA,2020,302.6,5.051
Italy,ITA,2021,335.93,5.624
Italy,ITA,2022,340.11,5.705
Italy,ITA,2023,312.29,5.249
Italy,ITA,2024,301.93,5.088
Spain,ESP,1850,0.49,0.033
Spain,ESP,1851,0.51,0.034
Spain,ESP,1852,0.53,0.036
Spain,ESP,1853,0.65,0.043
Spain,ESP,1854,0.55,0.036
Spain,ESP,1855,0.55,0.036
Spain,ESP,1856,0.75,0.049
Spain,ESP,1857,0.85,0.055
Spain,ESP,1858,1.15,0.074
Spain,ESP,1859,1.63,0.105
Spain,ESP,1860,1.93,0.124
Spain,ESP,1861,2.0,0.128
Spain,ESP,1862,2.19,0.139
Spain,ESP,1863,2.43,0.154
Spain,ESP,1864,2.33,0.147
Spain,ESP,1865,2.3,0.145
Spain,ESP,1866,2.29,0.143
Spain,ESP,1867,2.56,0.16
Spain,ESP,1868,2.66,0.165
Spain,ESP,1869,2.64,0.163
Spain,ESP,1870,3.07,0.19
Spain,ESP,1871,2.94,0.181
Spain,ESP,1872,3.26,0.2
Spain,ESP,1873,3.14,0.191
Spain,ESP,1874,3.12,0.189
Spain,ESP,1875,3.29,0.199
Spain,ESP,1876,3.57,0.215
Spain,ESP,1877,3.78,0.227
Spain,ESP,1878,3.76,0.225
Spain,ESP,1879,3.97,0.236
Spain,ESP,1880,4.42,0.262
Spain,ESP,1881,4.93,0.291
Spain,ESP,1882,5.38,0.316
Spain,ESP,1883,5.9,0.345
Spain,ESP,1884,5.87,0.341
Spain,ESP,1885,5.76,0.333
Spain,ESP,1886,6.09,0.35
Spain,ESP,1887,6.14,0.351
Spain,ESP,1888,6.43,0.366
Spain,ESP,1889,6.82,0.386
Spain,ESP,1890,7.34,0.413
Spain,ESP,1891,7.94,0.445
Spain,ESP,1892,8.3,0.463
Spain,ESP,1893,8.12,0.451
Spain,ESP,1894,8.73,0.483
Spain,ESP,1895,8.6,0.474
Spain,ESP,1896,9.3,0.51
Spain,ESP,1897,9.54,0.521
Spain,ESP,1898,9.37,0.509
Spain,ESP,1899,10.63,0.575
Spain,ESP,1900,11.22,0.603
Spain,ESP,1901,11.81,0.631
Spain,ESP,1902,12.34,0.656
Spain,ESP,1903,12.18,0.643
Spain,ESP,1904,12.99,0.681
Spain,ESP,1905,13.57,0.707
Spain,ESP,1906,13.86,0.717
Spain,ESP,1907,14.1,0.724
Spain,ESP,1908,14.78,0.755
Spain,ESP,1909,15.17,0.769
Spain,ESP,1910,14.89,0.75
Spain,ESP,1911,14.73,0.737
Spain,ESP,1912,15.98,0.794
Spain,ESP,1913,17.42,0.86
Spain,ESP,1914,17.3,0.848
Spain,ESP,1915,15.31,0.746
Spain,ESP,1916,17.87,0.864
Spain,ESP,1917,15.85,0.762
Spain,ESP,1918,16.73,0.799
Spain,ESP,1919,15.93,0.755
Spain,ESP,1920,14.06,0.661
Spain,ESP,1921,14.85,0.692
Spain,ESP,1922,14.94,0.69
Spain,ESP,1923,17.21,0.787
Spain,ESP,1924,18.39,0.832
Spain,ESP,1925,19.05,0.854
Spain,ESP,1926,18.38,0.816
Spain,ESP,1927,21.45,0.942
Spain,ESP,1928,21.51,0.936
Spain,ESP,1929,23.97,1.033
Spain,ESP,1930,23.64,1.008
Spain,ESP,1931,22.53,0.952
Spain,ESP,1932,21.18,0.886
Spain,ESP,1933,18.71,0.776
Spain,ESP,1934,20.25,0.832
Spain,ESP,1935,22.45,0.914
Spain,ESP,1936,8.05,0.325
Spain,ESP,1937,5.25,0.209
Spain,ESP,1938,13.22,0.523
Spain,ESP,1939,15.71,0.616
Spain,ESP,1940,21.62,0.84
Spain,ESP,1941,21.51,0.828
Spain,ESP,1942,23.06,0.88
Spain,ESP,1943,23.85,0.902
Spain,ESP,1944,25.79,0.967
Spain,ESP,1945,28.27,1.051
Spain,ESP,1946,28.09,1.036
Spain,ESP,1947,31.17,1.14
Spain,ESP,1948,32.71,1.186
Spain,ESP,1949,35.76,1.285
Spain,ESP,1950,33.01,1.176
Spain,ESP,1951,33.06,1.172
Spain,ESP,1952,37.56,1.322
Spain,ESP,1953,38.9,1.359
Spain,ESP,1954,39.7,1.376
Spain,ESP,1955,40.26,1.384
Spain,ESP,1956,42.32,1.443
Spain,ESP,1957,50.21,1.698
Spain,ESP,1958,55.87,1.872
Spain,ESP,1959,52.08,1.728
Spain,ESP,1960,48.86,1.607
Spain,ESP,1961,53.6,1.746
Spain,ESP,1962,59.98,1.932
Spain,ESP,1963,58.74,1.872
Spain,ESP,1964,64.32,2.026
Spain,ESP,1965,71.02,2.212
Spain,ESP,1966,77.62,2.391
Spain,ESP,1967,86.39,2.632
Spain,ESP,1968,97.01,2.925
Spain,ESP,1969,96.73,2.888
Spain,ESP,1970,116.77,3.453
Spain,ESP,1971,128.46,3.761
Spain,ESP,1972,144.72,4.19
Spain,ESP,1973,154.96,4.437
Spain,ESP,1974,172.67,4.883
Spain,ESP,1975,181.05,5.058
Spain,ESP,1976,197.75,5.466
Spain,ESP,1977,194.83,5.33
Spain,ESP,1978,199.51,5.406
Spain,ESP,1979,202.75,5.446
Spain,ESP,1980,213.92,5.699
Spain,ESP,1981,206.1,5.451
Spain,ESP,1982,208.59,5.483
Spain,ESP,1983,203.45,5.318
Spain,ESP,1984,197.71,5.144
Spain,ESP,1985,199.94,5.18
Spain,ESP,1986,189.12,4.882
Spain,ESP,1987,189.52,4.878
Spain,ESP,1988,197.46,5.069
Spain,ESP,1989,224.89,5.762
Spain,ESP,1990,229.38,5.869
Spain,ESP,1991,239.29,6.104
Spain,ESP,1992,247.69,6.283
Spain,ESP,1993,239.1,6.03
Spain,ESP,1994,251.39,6.307
Spain,ESP,1995,265.07,6.618
Spain,ESP,1996,252.56,6.277
Spain,ESP,1997,264.9,6.553
Spain,ESP,1998,273.65,6.737
Spain,ESP,1999,297.02,7.278
Spain,ESP,2000,309.26,7.539
Spain,ESP,2001,311.03,7.541
Spain,ESP,2002,331.03,7.928
Spain,ESP,2003,335.54,7.894
Spain,ESP,2004,352.14,8.145
Spain,ESP,2005,367.45,8.359
Spain,ESP,2006,358.87,8.029
Spain,ESP,2007,366.47,8.051
Spain,ESP,2008,335.28,7.252
Spain,ESP,2009,296.16,6.351
Spain,ESP,2010,282.59,6.033
Spain,ESP,2011,283.28,6.027
Spain,ESP,2012,277.43,5.901
Spain,ESP,2013,252.11,5.38
Spain,ESP,2014,253.66,5.429
Spain,ESP,2015,270.25,5.789
Spain,ESP,2016,259.55,5.554
Spain,ESP,2017,273.48,5.835
Spain,ESP,2018,268.52,5.702
Spain,ESP,2019,250.67,5.285
Spain,ESP,2020,211.76,4.441
Spain,ESP,2021,228.81,4.793
Spain,ESP,2022,234.22,4.897
Spain,ESP,2023,215.46,4.497
Spain,ESP,2024,220.34,4.599
Poland,POL,1850,3.2,0.245
Poland,POL,1851,3.46,0.262
Poland,POL,1852,4.13,0.31
Poland,POL,1853,4.32,0.32
Poland,POL,1854,4.78,0.349
Poland,POL,1855,5.62,0.406
Poland,POL,1856,6.32,0.45
Poland,POL,1857,6.72,0.473
Poland,POL,1858,7.71,0.536
Poland,POL,1859,7.11,0.488
Poland,POL,1860,7.49,0.507
Poland,POL,1861,7.67,0.513
Poland,POL,1862,8.8,0.582
Poland,POL,1863,10.05,0.656
Poland,POL,1864,11.22,0.723
Poland,POL,1865,12.42,0.79
Poland,POL,1866,12.15,0.763
Poland,POL,1867,13.29,0.824
Poland,POL,1868,15.12,0.926
Poland,POL,1869,15.61,0.943
Poland,POL,1870,16.66,0.993
Poland,POL,1871,18.97,1.115
Poland,POL,1872,20.63,1.196
Poland,POL,1873,22.35,1.276
Poland,POL,1874,24.5,1.378
Poland,POL,1875,24.06,1.333
Poland,POL,1876,24.59,1.343
Poland,POL,1877,23.13,1.245
Poland,POL,1878,24.33,1.29
Poland,POL,1879,26.49,1.383
Poland,POL,1880,26.35,1.356
Poland,POL,1881,26.23,1.33
Poland,POL,1882,27.25,1.361
Poland,POL,1883,29.93,1.473
Poland,POL,1884,31.2,1.513
Poland,POL,1885,32.6,1.558
Poland,POL,1886,33.43,1.574
Poland,POL,1887,33.68,1.562
Poland,POL,1888,37.5,1.714
Poland,POL,1889,40.52,1.827
Poland,POL,1890,41.86,1.865
Poland,POL,1891,45.34,1.999
Poland,POL,1892,43.1,1.883
Poland,POL,1893,45.33,1.966
Poland,POL,1894,46.09,1.984
Poland,POL,1895,48.99,2.093
Poland,POL,1896,52.72,2.235
Poland,POL,1897,55.09,2.318
Poland,POL,1898,59.84,2.498
Poland,POL,1899,61.92,2.566
Poland,POL,1900,63.31,2.604
Poland,POL,1901,66.9,2.732
Poland,POL,1902,65.49,2.655
Poland,POL,1903,68.49,2.757
Poland,POL,1904,69.38,2.774
Poland,POL,1905,74.88,2.973
Poland,POL,1906,78.69,3.102
Poland,POL,1907,87.2,3.413
Poland,POL,1908,93.02,3.616
Poland,POL,1909,95.54,3.701
Poland,POL,1910,94.55,3.663
Poland,POL,1911,99.6,3.874
Poland,POL,1912,110.93,4.346
Poland,POL,1913,116.21,4.602
Poland,POL,1914,97.0,3.884
Poland,POL,1915,94.74,3.835
Poland,POL,1916,108.78,4.452
Poland,POL,1917,120.88,5.002
Poland,POL,1918,101.53,4.246
Poland,POL,1919,2.73,0.115
Poland,POL,1920,76.38,3.21
Poland,POL,1921,74.95,3.132
Poland,POL,1922,71.77,2.967
Poland,POL,1923,52.55,2.137
Poland,POL,1924,47.84,1.914
Poland,POL,1925,48.08,1.893
Poland,POL,1926,48.13,1.864
Poland,POL,1927,60.67,2.312
Poland,POL,1928,62.89,2.358
Poland,POL,1929,72.69,2.687
Poland,POL,1930,56.57,2.066
Poland,POL,1931,54.83,1.982
Poland,POL,1932,41.98,1.505
Poland,POL,1933,43.2,1.539
Poland,POL,1934,45.21,1.601
Poland,POL,1935,46.15,1.624
Poland,POL,1936,49.9,1.745
Poland,POL,1937,56.34,1.958
Poland,POL,1938,59.94,2.07
Poland,POL,1939,51.9,1.79
Poland,POL,1940,167.25,5.79
Poland,POL,1941,164.8,5.756
Poland,POL,1942,181.61,6.431
Poland,POL,1943,197.79,7.139
Poland,POL,1944,189.04,6.954
Poland,POL,1945,59.46,2.229
Poland,POL,1946,104.59,3.997
Poland,POL,1947,91.55,3.565
Poland,POL,1948,88.93,3.53
Poland,POL,1949,105.43,4.234
Poland,POL,1950,111.87,4.514
Poland,POL,1951,121.91,4.833
Poland,POL,1952,127.86,4.98
Poland,POL,1953,139.03,5.321
Poland,POL,1954,147.46,5.546
Poland,POL,1955,154.11,5.694
Poland,POL,1956,166.33,6.041
Poland,POL,1957,178.6,6.361
Poland,POL,1958,176.69,6.169
Poland,POL,1959,189.69,6.511
Poland,POL,1960,199.55,6.747
Poland,POL,1961,207.22,6.912
Poland,POL,1962,216.6,7.14
Poland,POL,1963,231.0,7.531
Poland,POL,1964,242.87,7.836
Poland,POL,1965,246.98,7.894
Poland,POL,1966,252.42,7.996
Poland,POL,1967,259.01,8.138
Poland,POL,1968,275.79,8.597
Poland,POL,1969,293.37,9.076
Poland,POL,1970,304.17,9.347
Poland,POL,1971,312.89,9.548
Poland,POL,1972,329.51,9.972
Poland,POL,1973,335.6,10.068
Poland,POL,1974,346.24,10.292
Poland,POL,1975,374.78,11.035
Poland,POL,1976,398.13,11.608
Poland,POL,1977,417.96,12.07
Poland,POL,1978,430.88,12.334
Poland,POL,1979,441.31,12.52
Poland,POL,1980,463.33,13.024
Poland,POL,1981,409.0,11.393
Poland,POL,1982,420.98,11.618
Poland,POL,1983,421.03,11.512
Poland,POL,1984,432.47,11.718
Poland,POL,1985,444.51,11.949
Poland,POL,1986,451.86,12.065
Poland,POL,1987,463.74,12.312
Poland,POL,1988,444.24,11.747
Poland,POL,1989,422.24,11.13
Poland,POL,1990,376.34,9.889
Poland,POL,1991,373.37,9.786
Poland,POL,1992,364.28,9.528
Poland,POL,1993,364.96,9.53
Poland,POL,1994,359.99,9.388
Poland,POL,1995,362.48,9.448
Poland,POL,1996,377.12,9.831
Poland,POL,1997,367.2,9.575
Poland,POL,1998,338.98,8.845
Poland,POL,1999,329.2,8.598
Poland,POL,2000,317.31,8.294
Poland,POL,2001,313.27,8.191
Poland,POL,2002,305.85,8.0
Poland,POL,2003,318.73,8.343
Poland,POL,2004,323.62,8.479
Poland,POL,2005,322.58,8.461
Poland,POL,2006,336.39,8.836
Poland,POL,2007,335.73,8.83
Poland,POL,2008,329.43,8.67
Poland,POL,2009,315.89,8.312
Poland,POL,2010,334.03,8.768
Poland,POL,2011,333.41,8.726
Poland,POL,2012,325.78,8.518
Poland,POL,2013,321.76,8.41
Poland,POL,2014,309.42,8.086
Poland,POL,2015,312.55,8.168
Poland,POL,2016,323.3,8.449
Poland,POL,2017,336.51,8.796
Poland,POL,2018,335.72,8.779
Poland,POL,2019,317.44,8.304
Poland,POL,2020,302.1,7.914
Poland,POL,2021,330.69,8.693
Poland,POL,2022,314.89,8.203
Poland,POL,2023,283.24,7.307
Poland,POL,2024,272.86,7.08
Netherlands,NLD,1850,3.14,1.012
Netherlands,NLD,1851,3.12,1.0
Netherlands,NLD,1852,3.76,1.198
Netherlands,NLD,1853,4.17,1.319
Netherlands,NLD,1854,5.95,1.868
Netherlands,NLD,1855,4.65,1.45
Netherlands,NLD,1856,4.72,1.463
Netherlands,NLD,1857,4.22,1.298
Netherlands,NLD,1858,3.71,1.133
Netherlands,NLD,1859,3.52,1.07
Netherlands,NLD,1860,4.8,1.444
Netherlands,NLD,1861,4.4,1.316
Netherlands,NLD,1862,5.67,1.681
Netherlands,NLD,1863,4.09,1.201
Netherlands,NLD,1864,3.4,0.992
Netherlands,NLD,1865,3.85,1.112
Netherlands,NLD,1866,4.22,1.209
Netherlands,NLD,1867,4.04,1.149
Netherlands,NLD,1868,4.24,1.195
Netherlands,NLD,1869,4.37,1.221
Netherlands,NLD,1870,4.94,1.367
Netherlands,NLD,1871,4.98,1.364
Netherlands,NLD,1872,5.33,1.444
Netherlands,NLD,1873,5.14,1.377
Netherlands,NLD,1874,4.74,1.256
Netherlands,NLD,1875,5.42,1.419
Netherlands,NLD,1876,6.21,1.608
Netherlands,NLD,1877,6.31,1.616
Netherlands,NLD,1878,6.69,1.693
Netherlands,NLD,1879,7.21,1.805
Netherlands,NLD,1880,7.97,1.973
Netherlands,NLD,1881,8.03,1.964
Netherlands,NLD,1882,8.13,1.967
Netherlands,NLD,1883,9.01,2.155
Netherlands,NLD,1884,9.02,2.132
Netherlands,NLD,1885,9.42,2.202
Netherlands,NLD,1886,9.62,2.223
Netherlands,NLD,1887,9.79,2.236
Netherlands,NLD,1888,10.86,2.453
Netherlands,NLD,1889,10.61,2.369
Netherlands,NLD,1890,10.28,2.269
Netherlands,NLD,1891,11.91,2.595
Netherlands,NLD,1892,11.32,2.437
Netherlands,NLD,1893,11.46,2.436
Netherlands,NLD,1894,11.62,2.439
Netherlands,NLD,1895,11.63,2.41
Netherlands,NLD,1896,12.49,2.558
Netherlands,NLD,1897,13.1,2.649
Netherlands,NLD,1898,12.93,2.583
Netherlands,NLD,1899,13.28,2.617
Netherlands,NLD,1900,14.63,2.847
Netherlands,NLD,1901,14.31,2.747
Netherlands,NLD,1902,14.3,2.707
Netherlands,NLD,1903,15.3,2.855
Netherlands,NLD,1904,16.17,2.975
Netherlands,NLD,1905,16.59,3.011
Netherlands,NLD,1906,18.06,3.231
Netherlands,NLD,1907,18.58,3.277
Netherlands,NLD,1908,18.92,3.291
Netherlands,NLD,1909,19.92,3.416
Netherlands,NLD,1910,20.83,3.523
Netherlands,NLD,1911,22.08,3.68
Netherlands,NLD,1912,24.92,4.095
Netherlands,NLD,1913,27.55,4.461
Netherlands,NLD,1914,25.82,4.121
Netherlands,NLD,1915,24.53,3.859
Netherlands,NLD,1916,22.4,3.472
Netherlands,NLD,1917,8.65,1.322
Netherlands,NLD,1918,14.53,2.188
Netherlands,NLD,1919,21.98,3.263
Netherlands,NLD,1920,22.17,3.244
Netherlands,NLD,1921,23.23,3.351
Netherlands,NLD,1922,27.27,3.879
Netherlands,NLD,1923,27.2,3.814
Netherlands,NLD,1924,30.59,4.23
Netherlands,NLD,1925,33.59,4.58
Netherlands,NLD,1926,34.33,4.615
Netherlands,NLD,1927,37.97,5.032
Netherlands,NLD,1928,38.01,4.967
Netherlands,NLD,1929,41.27,5.32
Netherlands,NLD,1930,40.78,5.189
Netherlands,NLD,1931,44.96,5.648
Netherlands,NLD,1932,41.42,5.139
Netherlands,NLD,1933,38.57,4.729
Netherlands,NLD,1934,38.63,4.681
Netherlands,NLD,1935,37.27,4.462
Netherlands,NLD,1936,39.89,4.72
Netherlands,NLD,1937,44.0,5.145
Netherlands,NLD,1938,43.31,5.004
Netherlands,NLD,1939,40.7,4.646
Netherlands,NLD,1940,33.44,3.77
Netherlands,NLD,1941,37.13,4.134
Netherlands,NLD,1942,34.59,3.803
Netherlands,NLD,1943,34.93,3.79
Netherlands,NLD,1944,23.34,2.499
Netherlands,NLD,1945,14.65,1.549
Netherlands,NLD,1946,31.1,3.246
Netherlands,NLD,1947,44.6,4.594
Netherlands,NLD,1948,47.26,4.805
Netherlands,NLD,1949,50.5,5.068
Netherlands,NLD,1950,51.3,5.072
Netherlands,NLD,1951,54.99,5.357
Netherlands,NLD,1952,54.73,5.272
Netherlands,NLD,1953,55.28,5.268
Netherlands,NLD,1954,58.41,5.502
Netherlands,NLD,1955,61.0,5.674
Netherlands,NLD,1956,65.1,5.978
Netherlands,NLD,1957,64.43,5.843
Netherlands,NLD,1958,66.71,5.963
Netherlands,NLD,1959,67.14,5.916
Netherlands,NLD,1960,73.46,6.395
Netherlands,NLD,1961,75.83,6.515
Netherlands,NLD,1962,83.3,7.055
Netherlands,NLD,1963,91.16,7.616
Netherlands,NLD,1964,96.79,7.978
Netherlands,NLD,1965,100.41,8.163
Netherlands,NLD,1966,103.56,8.309
Netherlands,NLD,1967,106.69,8.462
Netherlands,NLD,1968,113.45,8.905
Netherlands,NLD,1969,115.81,8.984
Netherlands,NLD,1970,141.81,10.865
Netherlands,NLD,1971,140.67,10.65
Netherlands,NLD,1972,157.5,11.804
Netherlands,NLD,1973,165.26,12.284
Netherlands,NLD,1974,159.99,11.799
Netherlands,NLD,1975,152.53,11.15
Netherlands,NLD,1976,169.13,12.268
Netherlands,NLD,1977,163.61,11.797
Netherlands,NLD,1978,169.79,12.168
Netherlands,NLD,1979,187.01,13.31
Netherlands,NLD,1980,176.64,12.472
Netherlands,NLD,1981,164.11,11.506
Netherlands,NLD,1982,133.49,9.313
Netherlands,NLD,1983,137.36,9.541
Netherlands,NLD,1984,144.07,9.962
Netherlands,NLD,1985,146.98,10.109
Netherlands,NLD,1986,144.01,9.846
Netherlands,NLD,1987,151.48,10.288
Netherlands,NLD,1988,145.6,9.821
Netherlands,NLD,1989,161.66,10.835
Netherlands,NLD,1990,163.03,10.847
Netherlands,NLD,1991,171.47,11.314
Netherlands,NLD,1992,171.28,11.212
Netherlands,NLD,1993,171.19,11.123
Netherlands,NLD,1994,171.95,11.104
Netherlands,NLD,1995,173.48,11.146
Netherlands,NLD,1996,182.54,11.671
Netherlands,NLD,1997,175.47,11.159
Netherlands,NLD,1998,176.4,11.145
Netherlands,NLD,1999,171.05,10.731
Netherlands,NLD,2000,172.15,10.72
Netherlands,NLD,2001,177.46,10.966
Netherlands,NLD,2002,176.74,10.851
Netherlands,NLD,2003,180.17,11.008
Netherlands,NLD,2004,182.09,11.086
Netherlands,NLD,2005,178.13,10.818
Netherlands,NLD,2006,173.28,10.506
Netherlands,NLD,2007,173.03,10.467
Netherlands,NLD,2008,175.9,10.598
Netherlands,NLD,2009,170.43,10.215
Netherlands,NLD,2010,182.48,10.88
Netherlands,NLD,2011,169.35,10.05
Netherlands,NLD,2012,165.75,9.799
Netherlands,NLD,2013,164.93,9.72
Netherlands,NLD,2014,157.5,9.249
Netherlands,NLD,2015,163.96,9.584
Netherlands,NLD,2016,164.81,9.579
Netherlands,NLD,2017,162.3,9.373
Netherlands,NLD,2018,158.26,9.085
Netherlands,NLD,2019,152.73,8.709
Netherlands,NLD,2020,136.97,7.766
Netherlands,NLD,2021,139.89,7.89
Netherlands,NLD,2022,127.5,7.121
Netherlands,NLD,2023,117.02,6.468
Netherlands,NLD,2024,114.78,6.297
Ukraine,UKR,1850,0.02,0.001
Ukraine,UKR,1855,0.07,0.004
Ukraine,UKR,1858,0.09,0.006
Ukraine,UKR,1859,0.1,0.006
Ukraine,UKR,1860,0.13,0.008
Ukraine,UKR,1861,0.17,0.01
Ukraine,UKR,1862,0.15,0.009
Ukraine,UKR,1863,0.16,0.009
Ukraine,UKR,1864,0.18,0.011
Ukraine,UKR,1865,0.17,0.01
Ukraine,UKR,1866,0.53,0.031
Ukraine,UKR,1867,0.61,0.036
Ukraine,UKR,1868,0.51,0.029
Ukraine,UKR,1869,0.69,0.039
Ukraine,UKR,1870,0.75,0.042
Ukraine,UKR,1871,1.01,0.057
Ukraine,UKR,1872,1.04,0.058
Ukraine,UKR,1873,0.98,0.053
Ukraine,UKR,1874,1.19,0.064
Ukraine,UKR,1875,1.37,0.073
Ukraine,UKR,1876,1.7,0.09
Ukraine,UKR,1877,1.73,0.091
Ukraine,UKR,1878,2.26,0.118
Ukraine,UKR,1879,2.32,0.12
Ukraine,UKR,1880,2.72,0.14
Ukraine,UKR,1881,2.87,0.146
Ukraine,UKR,1882,3.02,0.152
Ukraine,UKR,1883,3.44,0.171
Ukraine,UKR,1884,3.49,0.172
Ukraine,UKR,1885,3.8,0.186
Ukraine,UKR,1886,3.9,0.189
Ukraine,UKR,1887,4.12,0.198
Ukraine,UKR,1888,4.3,0.205
Ukraine,UKR,1889,4.65,0.219
Ukraine,UKR,1890,5.26,0.246
Ukraine,UKR,1891,5.79,0.268
Ukraine,UKR,1892,6.13,0.281
Ukraine,UKR,1893,7.19,0.327
Ukraine,UKR,1894,7.32,0.33
Ukraine,UKR,1895,8.41,0.375
Ukraine,UKR,1896,8.56,0.379
Ukraine,UKR,1897,9.9,0.434
Ukraine,UKR,1898,11.1,0.482
Ukraine,UKR,1899,12.88,0.554
Ukraine,UKR,1900,14.59,0.621
Ukraine,UKR,1901,14.98,0.632
Ukraine,UKR,1902,14.47,0.605
Ukraine,UKR,1903,14.15,0.586
Ukraine,UKR,1904,15.75,0.646
Ukraine,UKR,1905,14.06,0.571
Ukraine,UKR,1906,16.03,0.646
Ukraine,UKR,1907,17.96,0.717
Ukraine,UKR,1908,18.07,0.714
Ukraine,UKR,1909,19.07,0.747
Ukraine,UKR,1910,18.71,0.726
Ukraine,UKR,1911,19.39,0.746
Ukraine,UKR,1912,21.97,0.837
Ukraine,UKR,1913,23.86,0.901
Ukraine,UKR,1914,21.54,0.805
Ukraine,UKR,1915,19.77,0.732
Ukraine,UKR,1916,21.07,0.773
Ukraine,UKR,1917,19.39,0.705
Ukraine,UKR,1918,7.73,0.279
Ukraine,UKR,1919,6.61,0.236
Ukraine,UKR,1920,6.02,0.213
Ukraine,UKR,1921,6.53,0.229
Ukraine,UKR,1922,7.97,0.277
Ukraine,UKR,1923,8.8,0.303
Ukraine,UKR,1924,10.48,0.358
Ukraine,UKR,1925,10.35,0.35
Ukraine,UKR,1926,14.99,0.502
Ukraine,UKR,1927,18.64,0.619
Ukraine,UKR,1928,20.71,0.681
Ukraine,UKR,1929,22.3,0.727
Ukraine,UKR,1930,30.32,0.979
Ukraine,UKR,1931,36.43,1.166
Ukraine,UKR,1932,41.04,1.301
Ukraine,UKR,1933,45.87,1.441
Ukraine,UKR,1934,55.48,1.727
Ukraine,UKR,1935,62.8,1.937
Ukraine,UKR,1936,72.01,2.201
Ukraine,UKR,1937,73.63,2.231
Ukraine,UKR,1938,77.72,2.333
Ukraine,UKR,1939,78.67,2.34
Ukraine,UKR,1940,94.32,2.78
Ukraine,UKR,1941,82.86,2.42
Ukraine,UKR,1942,45.05,1.304
Ukraine,UKR,1943,47.01,1.348
Ukraine,UKR,1944,68.18,1.937
Ukraine,UKR,1945,72.19,2.033
Ukraine,UKR,1946,81.13,2.264
Ukraine,UKR,1947,97.69,2.701
Ukraine,UKR,1948,103.96,2.848
Ukraine,UKR,1949,118.17,3.204
Ukraine,UKR,1950,131.73,3.531
Ukraine,UKR,1951,142.77,3.776
Ukraine,UKR,1952,152.89,3.991
Ukraine,UKR,1953,161.74,4.168
Ukraine,UKR,1954,176.65,4.493
Ukraine,UKR,1955,200.31,5.025
Ukraine,UKR,1956,219.61,5.433
Ukraine,UKR,1957,240.31,5.861
Ukraine,UKR,1958,256.47,6.161
Ukraine,UKR,1959,269.63,6.383
Ukraine,UKR,1960,280.68,6.554
Ukraine,UKR,1961,289.39,6.668
Ukraine,UKR,1962,303.65,6.91
Ukraine,UKR,1963,325.61,7.323
Ukraine,UKR,1964,346.25,7.703
Ukraine,UKR,1965,367.25,8.091
Ukraine,UKR,1966,387.78,8.466
Ukraine,UKR,1967,405.41,8.772
Ukraine,UKR,1968,416.74,8.94
Ukraine,UKR,1969,433.97,9.238
Ukraine,UKR,1970,456.48,9.659
Ukraine,UKR,1971,484.37,10.182
Ukraine,UKR,1972,509.62,10.629
Ukraine,UKR,1973,531.1,11.001
Ukraine,UKR,1974,551.26,11.348
Ukraine,UKR,1975,579.43,11.858
Ukraine,UKR,1976,601.72,12.25
Ukraine,UKR,1977,622.13,12.61
Ukraine,UKR,1978,643.43,12.993
Ukraine,UKR,1979,648.77,13.048
Ukraine,UKR,1980,674.35,13.499
Ukraine,UKR,1981,661.27,13.176
Ukraine,UKR,1982,673.81,13.369
Ukraine,UKR,1983,683.29,13.494
Ukraine,UKR,1984,689.31,13.546
Ukraine,UKR,1985,743.67,14.551
Ukraine,UKR,1986,740.76,14.434
Ukraine,UKR,1987,734.12,14.25
Ukraine,UKR,1988,727.53,14.065
Ukraine,UKR,1989,683.86,13.172
Ukraine,UKR,1990,706.53,13.573
Ukraine,UKR,1991,633.19,12.137
Ukraine,UKR,1992,589.51,11.267
Ukraine,UKR,1993,510.5,9.752
Ukraine,UKR,1994,419.63,8.058
Ukraine,UKR,1995,390.17,7.552
Ukraine,UKR,1996,351.83,6.868
Ukraine,UKR,1997,340.59,6.706
Ukraine,UKR,1998,328.88,6.528
Ukraine,UKR,1999,298.64,5.976
Ukraine,UKR,2000,285.66,5.764
Ukraine,UKR,2001,303.88,6.188
Ukraine,UKR,2002,295.9,6.079
Ukraine,UKR,2003,307.25,6.359
Ukraine,UKR,2004,310.63,6.474
Ukraine,UKR,2005,313.51,6.588
Ukraine,UKR,2006,333.05,7.044
Ukraine,UKR,2007,336.83,7.157
Ukraine,UKR,2008,325.98,6.963
Ukraine,UKR,2009,277.59,5.954
Ukraine,UKR,2010,294.37,6.336
Ukraine,UKR,2011,308.38,6.659
Ukraine,UKR,2012,304.43,6.588
Ukraine,UKR,2013,297.54,6.45
Ukraine,UKR,2014,257.7,5.606
Ukraine,UKR,2015,223.85,4.889
Ukraine,UKR,2016,234.11,5.132
Ukraine,UKR,2017,223.29,4.914
Ukraine,UKR,2018,231.9,5.13
Ukraine,UKR,2019,222.19,4.942
Ukraine,UKR,2020,207.1,4.635
Ukraine,UKR,2021,210.64,4.755
Ukraine,UKR,2022,143.04,3.485
Ukraine,UKR,2023,139.33,3.692
Ukraine,UKR,2024,142.5,3.764
Kazakhstan,KAZ,1850,0.01,0.003
Kazakhstan,KAZ,1855,0.02,0.008
Kazakhstan,KAZ,1858,0.03,0.011
Kazakhstan,KAZ,1859,0.03,0.012
Kazakhstan,KAZ,1860,0.04,0.015
Kazakhstan,KAZ,1861,0.06,0.019
Kazakhstan,KAZ,1862,0.05,0.017
Kazakhstan,KAZ,1863,0.05,0.018
Kazakhstan,KAZ,1864,0.06,0.02
Kazakhstan,KAZ,1865,0.06,0.019
Kazakhstan,KAZ,1866,0.18,0.059
Kazakhstan,KAZ,1867,0.21,0.067
Kazakhstan,KAZ,1868,0.17,0.056
Kazakhstan,KAZ,1869,0.24,0.075
Kazakhstan,KAZ,1870,0.26,0.08
Kazakhstan,KAZ,1871,0.35,0.107
Kazakhstan,KAZ,1872,0.36,0.109
Kazakhstan,KAZ,1873,0.33,0.102
Kazakhstan,KAZ,1874,0.41,0.122
Kazakhstan,KAZ,1875,0.47,0.14
Kazakhstan,KAZ,1876,0.58,0.172
Kazakhstan,KAZ,1877,0.59,0.174
Kazakhstan,KAZ,1878,0.77,0.225
Kazakhstan,KAZ,1879,0.79,0.229
Kazakhstan,KAZ,1880,0.93,0.267
Kazakhstan,KAZ,1881,0.98,0.278
Kazakhstan,KAZ,1882,1.03,0.291
Kazakhstan,KAZ,1883,1.18,0.328
Kazakhstan,KAZ,1884,1.19,0.33
Kazakhstan,KAZ,1885,1.3,0.356
Kazakhstan,KAZ,1886,1.33,0.362
Kazakhstan,KAZ,1887,1.41,0.38
Kazakhstan,KAZ,1888,1.47,0.393
Kazakhstan,KAZ,1889,1.59,0.421
Kazakhstan,KAZ,1890,1.8,0.472
Kazakhstan,KAZ,1891,1.98,0.515
Kazakhstan,KAZ,1892,2.1,0.541
Kazakhstan,KAZ,1893,2.46,0.628
Kazakhstan,KAZ,1894,2.5,0.634
Kazakhstan,KAZ,1895,2.88,0.722
Kazakhstan,KAZ,1896,2.93,0.729
Kazakhstan,KAZ,1897,3.39,0.835
Kazakhstan,KAZ,1898,3.8,0.929
Kazakhstan,KAZ,1899,4.41,1.068
Kazakhstan,KAZ,1900,4.99,1.199
Kazakhstan,KAZ,1901,5.13,1.221
Kazakhstan,KAZ,1902,4.95,1.169
Kazakhstan,KAZ,1903,4.84,1.133
Kazakhstan,KAZ,1904,5.39,1.25
Kazakhstan,KAZ,1905,4.81,1.106
Kazakhstan,KAZ,1906,5.48,1.25
Kazakhstan,KAZ,1907,6.14,1.388
Kazakhstan,KAZ,1908,6.18,1.385
Kazakhstan,KAZ,1909,6.53,1.449
Kazakhstan,KAZ,1910,6.4,1.409
Kazakhstan,KAZ,1911,6.63,1.448
Kazakhstan,KAZ,1912,7.52,1.626
Kazakhstan,KAZ,1913,8.16,1.75
Kazakhstan,KAZ,1914,7.37,1.566
Kazakhstan,KAZ,1915,6.76,1.425
Kazakhstan,KAZ,1916,7.21,1.505
Kazakhstan,KAZ,1917,6.63,1.373
Kazakhstan,KAZ,1918,2.65,0.543
Kazakhstan,KAZ,1919,2.26,0.459
Kazakhstan,KAZ,1920,2.06,0.415
Kazakhstan,KAZ,1921,2.23,0.446
Kazakhstan,KAZ,1922,2.73,0.539
Kazakhstan,KAZ,1923,3.01,0.59
Kazakhstan,KAZ,1924,3.59,0.697
Kazakhstan,KAZ,1925,3.54,0.681
Kazakhstan,KAZ,1926,5.13,0.978
Kazakhstan,KAZ,1927,6.38,1.205
Kazakhstan,KAZ,1928,7.1,1.33
Kazakhstan,KAZ,1929,7.65,1.42
Kazakhstan,KAZ,1930,10.4,1.911
Kazakhstan,KAZ,1931,12.49,2.274
Kazakhstan,KAZ,1932,14.07,2.54
Kazakhstan,KAZ,1933,15.72,2.811
Kazakhstan,KAZ,1934,19.01,3.37
Kazakhstan,KAZ,1935,21.53,3.781
Kazakhstan,KAZ,1936,24.69,4.297
Kazakhstan,KAZ,1937,25.24,4.353
Kazakhstan,KAZ,1938,26.64,4.553
Kazakhstan,KAZ,1939,26.97,4.567
Kazakhstan,KAZ,1940,32.33,5.424
Kazakhstan,KAZ,1941,28.41,4.723
Kazakhstan,KAZ,1942,15.41,2.539
Kazakhstan,KAZ,1943,16.08,2.626
Kazakhstan,KAZ,1944,23.32,3.773
Kazakhstan,KAZ,1945,24.71,3.961
Kazakhstan,KAZ,1946,27.79,4.414
Kazakhstan,KAZ,1947,33.47,5.268
Kazakhstan,KAZ,1948,35.63,5.557
Kazakhstan,KAZ,1949,40.51,6.221
Kazakhstan,KAZ,1950,45.17,6.656
Kazakhstan,KAZ,1951,48.97,6.975
Kazakhstan,KAZ,1952,52.45,7.225
Kazakhstan,KAZ,1953,55.5,7.401
Kazakhstan,KAZ,1954,60.63,7.831
Kazakhstan,KAZ,1955,68.76,8.601
Kazakhstan,KAZ,1956,75.38,9.13
Kazakhstan,KAZ,1957,82.5,9.668
Kazakhstan,KAZ,1958,88.08,9.983
Kazakhstan,KAZ,1959,92.63,10.154
Kazakhstan,KAZ,1960,96.47,10.23
Kazakhstan,KAZ,1961,99.49,10.212
Kazakhstan,KAZ,1962,104.42,10.38
Kazakhstan,KAZ,1963,111.95,10.788
Kazakhstan,KAZ,1964,119.03,11.134
Kazakhstan,KAZ,1965,126.27,11.486
Kazakhstan,KAZ,1966,133.35,11.812
Kazakhstan,KAZ,1967,139.41,12.034
Kazakhstan,KAZ,1968,143.29,12.062
Kazakhstan,KAZ,1969,149.19,12.273
Kazakhstan,KAZ,1970,156.97,12.639
Kazakhstan,KAZ,1971,166.44,13.121
Kazakhstan,KAZ,1972,175.0,13.512
Kazakhstan,KAZ,1973,182.27,13.8
Kazakhstan,KAZ,1974,189.07,14.053
Kazakhstan,KAZ,1975,198.61,14.496
Kazakhstan,KAZ,1976,206.07,14.72
Kazakhstan,KAZ,1977,212.88,14.832
Kazakhstan,KAZ,1978,219.99,14.954
Kazakhstan,KAZ,1979,221.66,14.798
Kazakhstan,KAZ,1980,230.26,15.196
Kazakhstan,KAZ,1981,225.58,14.721
Kazakhstan,KAZ,1982,229.74,14.829
Kazakhstan,KAZ,1983,232.79,14.86
Kazakhstan,KAZ,1984,234.66,14.81
Kazakhstan,KAZ,1985,253.15,15.791
Kazakhstan,KAZ,1986,258.13,15.873
Kazakhstan,KAZ,1987,256.68,15.531
Kazakhstan,KAZ,1988,273.73,16.312
Kazakhstan,KAZ,1989,264.61,15.568
Kazakhstan,KAZ,1990,267.41,15.588
Kazakhstan,KAZ,1991,260.42,15.072
Kazakhstan,KAZ,1992,233.52,13.473
Kazakhstan,KAZ,1993,207.56,12.015
Kazakhstan,KAZ,1994,174.67,10.248
Kazakhstan,KAZ,1995,168.47,10.069
Kazakhstan,KAZ,1996,154.72,9.425
Kazakhstan,KAZ,1997,147.29,9.181
Kazakhstan,KAZ,1998,145.62,9.306
Kazakhstan,KAZ,1999,118.76,7.684
Kazakhstan,KAZ,2000,142.2,9.173
Kazakhstan,KAZ,2001,138.04,8.862
Kazakhstan,KAZ,2002,156.77,10.013
Kazakhstan,KAZ,2003,175.02,11.114
Kazakhstan,KAZ,2004,185.48,11.702
Kazakhstan,KAZ,2005,198.45,12.428
Kazakhstan,KAZ,2006,219.63,13.639
Kazakhstan,KAZ,2007,225.71,13.884
Kazakhstan,KAZ,2008,226.1,13.764
Kazakhstan,KAZ,2009,223.19,13.429
Kazakhstan,KAZ,2010,248.09,14.735
Kazakhstan,KAZ,2011,238.16,13.955
Kazakhstan,KAZ,2012,245.26,14.172
Kazakhstan,KAZ,2013,253.53,14.441
Kazakhstan,KAZ,2014,299.14,16.79
Kazakhstan,KAZ,2015,303.05,16.758
Kazakhstan,KAZ,2016,301.74,16.431
Kazakhstan,KAZ,2017,317.72,17.034
Kazakhstan,KAZ,2018,329.57,17.408
Kazakhstan,KAZ,2019,296.04,15.411
Kazakhstan,KAZ,2020,281.79,14.464
Kazakhstan,KAZ,2021,244.9,12.404
Kazakhstan,KAZ,2022,274.35,13.694
Kazakhstan,KAZ,2023,286.17,14.076
Kazakhstan,KAZ,2024,287.01,13.937
Canada,CAN,1850,0.06,0.024
Canada,CAN,1851,0.07,0.027
Canada,CAN,1852,0.08,0.032
Canada,CAN,1853,0.1,0.038
Canada,CAN,1854,0.12,0.044
Canada,CAN,1855,0.15,0.052
Canada,CAN,1856,0.18,0.06
Canada,CAN,1857,0.22,0.07
Canada,CAN,1858,0.26,0.083
Canada,CAN,1859,0.32,0.097
Canada,CAN,1860,0.38,0.115
Canada,CAN,1861,0.46,0.135
Canada,CAN,1862,0.56,0.163
Canada,CAN,1863,0.7,0.203
Canada,CAN,1864,0.84,0.24
Canada,CAN,1865,1.02,0.287
Canada,CAN,1866,1.24,0.346
Canada,CAN,1867,1.59,0.439
Canada,CAN,1868,0.95,0.258
Canada,CAN,1869,0.69,0.184
Canada,CAN,1870,1.22,0.325
Canada,CAN,1871,1.78,0.467
Canada,CAN,1872,1.85,0.478
Canada,CAN,1873,1.61,0.41
Canada,CAN,1874,1.62,0.408
Canada,CAN,1875,1.88,0.465
Canada,CAN,1876,1.86,0.454
Canada,CAN,1877,2.02,0.487
Canada,CAN,1878,1.93,0.459
Canada,CAN,1879,2.18,0.511
Canada,CAN,1880,5.23,1.209
Canada,CAN,1881,5.59,1.276
Canada,CAN,1882,6.62,1.492
Canada,CAN,1883,7.43,1.657
Canada,CAN,1884,8.6,1.897
Canada,CAN,1885,8.24,1.798
Canada,CAN,1886,8.8,1.898
Canada,CAN,1887,10.15,2.165
Canada,CAN,1888,13.31,2.808
Canada,CAN,1889,11.29,2.357
Canada,CAN,1890,12.41,2.563
Canada,CAN,1891,13.94,2.849
Canada,CAN,1892,13.89,2.809
Canada,CAN,1893,14.85,2.974
Canada,CAN,1894,14.18,2.811
Canada,CAN,1895,13.53,2.655
Canada,CAN,1896,14.65,2.846
Canada,CAN,1897,14.8,2.847
Canada,CAN,1898,15.71,2.991
Canada,CAN,1899,19.17,3.601
Canada,CAN,1900,20.63,3.81
Canada,CAN,1901,23.85,4.315
Canada,CAN,1902,25.65,4.531
Canada,CAN,1903,27.96,4.807
Canada,CAN,1904,33.1,5.538
Canada,CAN,1905,35.39,5.762
Canada,CAN,1906,37.39,5.925
Canada,CAN,1907,46.99,7.247
Canada,CAN,1908,47.41,7.115
Canada,CAN,1909,45.39,6.639
Canada,CAN,1910,51.62,7.371
Canada,CAN,1911,60.27,8.413
Canada,CAN,1912,67.27,9.193
Canada,CAN,1913,79.28,10.622
Canada,CAN,1914,68.38,8.982
Canada,CAN,1915,61.12,7.87
Canada,CAN,1916,76.46,9.652
Canada,CAN,1917,85.24,10.55
Canada,CAN,1918,89.52,10.857
Canada,CAN,1919,76.09,9.049
Canada,CAN,1920,84.38,9.844
Canada,CAN,1921,80.48,9.217
Canada,CAN,1922,69.21,7.784
Canada,CAN,1923,92.98,10.275
Canada,CAN,1924,77.38,8.403
Canada,CAN,1925,75.25,8.028
Canada,CAN,1926,84.76,8.885
Canada,CAN,1927,92.0,9.477
Canada,CAN,1928,93.78,9.491
Canada,CAN,1929,99.03,9.862
Canada,CAN,1930,94.35,9.258
Canada,CAN,1931,75.85,7.343
Canada,CAN,1932,70.21,6.715
Canada,CAN,1933,69.48,6.574
Canada,CAN,1934,79.91,7.479
Canada,CAN,1935,78.8,7.295
Canada,CAN,1936,86.16,7.891
Canada,CAN,1937,93.48,8.47
Canada,CAN,1938,85.54,7.667
Canada,CAN,1939,95.0,8.41
Canada,CAN,1940,108.62,9.484
Canada,CAN,1941,120.15,10.332
Canada,CAN,1942,131.08,11.084
Canada,CAN,1943,138.06,11.465
Canada,CAN,1944,140.41,11.45
Canada,CAN,1945,130.52,10.453
Canada,CAN,1946,138.42,10.886
Canada,CAN,1947,143.55,11.087
Canada,CAN,1948,158.51,12.022
Canada,CAN,1949,145.02,10.783
Canada,CAN,1950,154.13,11.216
Canada,CAN,1951,162.68,11.551
Canada,CAN,1952,159.41,11.007
Canada,CAN,1953,160.61,10.781
Canada,CAN,1954,162.97,10.638
Canada,CAN,1955,169.48,10.775
Canada,CAN,1956,189.8,11.745
Canada,CAN,1957,182.82,10.986
Canada,CAN,1958,182.16,10.65
Canada,CAN,1959,184.48,10.532
Canada,CAN,1960,192.72,10.767
Canada,CAN,1961,194.0,10.623
Canada,CAN,1962,206.99,11.12
Canada,CAN,1963,210.91,11.121
Canada,CAN,1964,237.58,12.296
Canada,CAN,1965,251.92,12.797
Canada,CAN,1966,259.07,12.919
Canada,CAN,1967,281.64,13.8
Canada,CAN,1968,303.26,14.626
Canada,CAN,1969,307.12,14.599
Canada,CAN,1970,341.23,15.916
Canada,CAN,1971,352.32,16.091
Canada,CAN,1972,380.81,17.13
Canada,CAN,1973,381.3,16.937
Canada,CAN,1974,389.63,17.071
Canada,CAN,1975,396.79,17.141
Canada,CAN,1976,398.97,17.009
Canada,CAN,1977,407.79,17.184
Canada,CAN,1978,415.53,17.329
Canada,CAN,1979,441.68,18.223
Canada,CAN,1980,442.84,18.05
Canada,CAN,1981,429.62,17.292
Canada,CAN,1982,414.45,16.486
Canada,CAN,1983,408.33,16.068
Canada,CAN,1984,425.24,16.565
Canada,CAN,1985,421.73,16.266
Canada,CAN,1986,404.72,15.441
Canada,CAN,1987,430.98,16.238
Canada,CAN,1988,455.67,16.922
Canada,CAN,1989,462.89,16.915
Canada,CAN,1990,458.02,16.482
Canada,CAN,1991,449.78,15.974
Canada,CAN,1992,463.39,16.259
Canada,CAN,1993,464.07,16.096
Canada,CAN,1994,478.47,16.415
Canada,CAN,1995,491.31,16.678
Canada,CAN,1996,507.78,17.058
Canada,CAN,1997,522.02,17.366
Canada,CAN,1998,529.61,17.462
Canada,CAN,1999,543.86,17.774
Canada,CAN,2000,566.68,18.344
Canada,CAN,2001,558.98,17.908
Canada,CAN,2002,564.26,17.893
Canada,CAN,2003,581.19,18.255
Canada,CAN,2004,576.29,17.935
Canada,CAN,2005,570.4,17.583
Canada,CAN,2006,566.32,17.287
Canada,CAN,2007,589.96,17.828
Canada,CAN,2008,574.21,17.167
Canada,CAN,2009,541.13,15.997
Canada,CAN,2010,554.31,16.209
Canada,CAN,2011,562.83,16.288
Canada,CAN,2012,561.77,16.086
Canada,CAN,2013,568.59,16.11
Canada,CAN,2014,564.94,15.854
Canada,CAN,2015,563.0,15.655
Canada,CAN,2016,553.71,15.231
Canada,CAN,2017,566.66,15.395
Canada,CAN,2018,575.09,15.42
Canada,CAN,2019,579.01,15.325
Canada,CAN,2020,524.21,13.733
Canada,CAN,2021,537.48,13.977
Canada,CAN,2022,547.66,14.107
Canada,CAN,2023,545.48,13.88
Canada,CAN,2024,533.34,13.42
Mexico,MEX,1856,0.01,0.001
Mexico,MEX,1857,0.01,0.001
Mexico,MEX,1858,0.02,0.002
Mexico,MEX,1859,0.01,0.001
Mexico,MEX,1860,0.01,0.001
Mexico,MEX,1861,0.01,0.001
Mexico,MEX,1862,0.03,0.004
Mexico,MEX,1863,0.02,0.002
Mexico,MEX,1864,0.01,0.001
Mexico,MEX,1865,0.02,0.002
Mexico,MEX,1866,0.04,0.004
Mexico,MEX,1867,0.02,0.002
Mexico,MEX,1868,0.01,0.001
Mexico,MEX,1869,0.0,0.0
Mexico,MEX,1870,0.01,0.001
Mexico,MEX,1871,0.01,0.001
Mexico,MEX,1872,0.03,0.003
Mexico,MEX,1873,0.03,0.004
Mexico,MEX,1874,0.03,0.004
Mexico,MEX,1875,0.04,0.004
Mexico,MEX,1876,0.04,0.004
Mexico,MEX,1877,0.05,0.005
Mexico,MEX,1878,0.06,0.006
Mexico,MEX,1879,0.08,0.008
Mexico,MEX,1880,0.09,0.009
Mexico,MEX,1881,0.06,0.006
Mexico,MEX,1882,0.08,0.008
Mexico,MEX,1883,0.08,0.008
Mexico,MEX,1884,0.07,0.007
Mexico,MEX,1885,0.06,0.006
Mexico,MEX,1886,0.09,0.008
Mexico,MEX,1887,0.17,0.016
Mexico,MEX,1888,0.23,0.021
Mexico,MEX,1889,0.3,0.026
Mexico,MEX,1890,0.46,0.04
Mexico,MEX,1891,1.1,0.094
Mexico,MEX,1892,1.62,0.137
Mexico,MEX,1893,1.42,0.118
Mexico,MEX,1894,1.56,0.128
Mexico,MEX,1895,1.51,0.122
Mexico,MEX,1896,1.65,0.131
Mexico,MEX,1897,2.31,0.181
Mexico,MEX,1898,2.62,0.203
Mexico,MEX,1899,3.26,0.249
Mexico,MEX,1900,3.5,0.264
Mexico,MEX,1901,4.2,0.313
Mexico,MEX,1902,4.57,0.337
Mexico,MEX,1903,5.38,0.394
Mexico,MEX,1904,5.78,0.419
Mexico,MEX,1905,6.16,0.442
Mexico,MEX,1906,6.46,0.459
Mexico,MEX,1907,7.15,0.504
Mexico,MEX,1908,7.12,0.497
Mexico,MEX,1909,7.19,0.498
Mexico,MEX,1910,7.36,0.508
Mexico,MEX,1911,11.14,0.766
Mexico,MEX,1912,10.88,0.747
Mexico,MEX,1913,13.6,0.935
Mexico,MEX,1914,11.93,0.821
Mexico,MEX,1915,15.78,1.087
Mexico,MEX,1916,18.41,1.27
Mexico,MEX,1917,27.48,1.898
Mexico,MEX,1918,32.39,2.239
Mexico,MEX,1919,42.36,2.921
Mexico,MEX,1920,77.67,5.327
Mexico,MEX,1921,91.42,6.218
Mexico,MEX,1922,86.5,5.818
Mexico,MEX,1923,73.32,4.862
Mexico,MEX,1924,68.93,4.506
Mexico,MEX,1925,57.51,3.706
Mexico,MEX,1926,45.13,2.868
Mexico,MEX,1927,32.86,2.058
Mexico,MEX,1928,24.46,1.51
Mexico,MEX,1929,22.48,1.368
Mexico,MEX,1930,20.72,1.241
Mexico,MEX,1931,16.95,0.999
Mexico,MEX,1932,16.33,0.947
Mexico,MEX,1933,17.63,1.005
Mexico,MEX,1934,19.07,1.068
Mexico,MEX,1935,21.66,1.193
Mexico,MEX,1936,22.21,1.203
Mexico,MEX,1937,25.13,1.338
Mexico,MEX,1938,24.48,1.281
Mexico,MEX,1939,22.83,1.17
Mexico,MEX,1940,23.38,1.17
Mexico,MEX,1941,22.71,1.106
Mexico,MEX,1942,19.12,0.903
Mexico,MEX,1943,19.2,0.877
Mexico,MEX,1944,20.27,0.896
Mexico,MEX,1945,22.77,0.973
Mexico,MEX,1946,25.62,1.059
Mexico,MEX,1947,29.35,1.173
Mexico,MEX,1948,30.51,1.18
Mexico,MEX,1949,28.96,1.083
Mexico,MEX,1950,30.51,1.106
Mexico,MEX,1951,34.89,1.232
Mexico,MEX,1952,37.21,1.279
Mexico,MEX,1953,36.71,1.228
Mexico,MEX,1954,36.27,1.179
Mexico,MEX,1955,39.66,1.253
Mexico,MEX,1956,42.13,1.293
Mexico,MEX,1957,49.28,1.468
Mexico,MEX,1958,54.01,1.562
Mexico,MEX,1959,58.29,1.636
Mexico,MEX,1960,63.05,1.717
Mexico,MEX,1961,65.24,1.722
Mexico,MEX,1962,63.74,1.629
Mexico,MEX,1963,66.29,1.64
Mexico,MEX,1964,74.2,1.776
Mexico,MEX,1965,75.17,1.741
Mexico,MEX,1966,80.84,1.811
Mexico,MEX,1967,90.01,1.951
Mexico,MEX,1968,93.89,1.97
Mexico,MEX,1969,102.18,2.075
Mexico,MEX,1970,113.95,2.242
Mexico,MEX,1971,126.18,2.407
Mexico,MEX,1972,132.26,2.448
Mexico,MEX,1973,144.04,2.588
Mexico,MEX,1974,154.7,2.699
Mexico,MEX,1975,164.1,2.782
Mexico,MEX,1976,183.69,3.029
Mexico,MEX,1977,192.34,3.087
Mexico,MEX,1978,222.05,3.471
Mexico,MEX,1979,240.18,3.658
Mexico,MEX,1980,267.64,3.977
Mexico,MEX,1981,283.59,4.116
Mexico,MEX,1982,303.76,4.313
Mexico,MEX,1983,277.43,3.855
Mexico,MEX,1984,276.49,3.761
Mexico,MEX,1985,287.18,3.827
Mexico,MEX,1986,293.22,3.829
Mexico,MEX,1987,305.79,3.914
Mexico,MEX,1988,305.42,3.832
Mexico,MEX,1989,323.22,3.978
Mexico,MEX,1990,316.75,3.825
Mexico,MEX,1991,329.83,3.907
Mexico,MEX,1992,332.45,3.864
Mexico,MEX,1993,337.72,3.853
Mexico,MEX,1994,351.53,3.938
Mexico,MEX,1995,330.91,3.642
Mexico,MEX,1996,341.54,3.694
Mexico,MEX,1997,362.47,3.855
Mexico,MEX,1998,381.1,3.987
Mexico,MEX,1999,386.04,3.975
Mexico,MEX,2000,391.44,3.969
Mexico,MEX,2001,407.48,4.071
Mexico,MEX,2002,410.3,4.04
Mexico,MEX,2003,435.97,4.234
Mexico,MEX,2004,438.59,4.201
Mexico,MEX,2005,463.44,4.38
Mexico,MEX,2006,474.52,4.424
Mexico,MEX,2007,473.6,4.354
Mexico,MEX,2008,472.98,4.285
Mexico,MEX,2009,460.29,4.11
Mexico,MEX,2010,456.41,4.017
Mexico,MEX,2011,483.3,4.194
Mexico,MEX,2012,501.49,4.293
Mexico,MEX,2013,495.41,4.186
Mexico,MEX,2014,484.04,4.041
Mexico,MEX,2015,479.43,3.96
Mexico,MEX,2016,478.83,3.917
Mexico,MEX,2017,464.41,3.763
Mexico,MEX,2018,468.42,3.76
Mexico,MEX,2019,468.24,3.723
Mexico,MEX,2020,428.94,3.383
Mexico,MEX,2021,446.84,3.501
Mexico,MEX,2022,453.8,3.528
Mexico,MEX,2023,458.25,3.532
Mexico,MEX,2024,460.99,3.523
Brazil,BRA,1856,0.23,0.029
Brazil,BRA,1857,0.27,0.033
Brazil,BRA,1858,0.28,0.035
Brazil,BRA,1859,0.37,0.045
Brazil,BRA,1860,0.43,0.052
Brazil,BRA,1861,0.41,0.048
Brazil,BRA,1862,0.36,0.041
Brazil,BRA,1863,0.43,0.048
Brazil,BRA,1864,0.48,0.054
Brazil,BRA,1865,0.57,0.063
Brazil,BRA,1866,0.65,0.07
Brazil,BRA,1867,0.55,0.059
Brazil,BRA,1868,0.75,0.079
Brazil,BRA,1869,0.61,0.063
Brazil,BRA,1870,0.7,0.071
Brazil,BRA,1871,0.84,0.084
Brazil,BRA,1872,0.86,0.084
Brazil,BRA,1873,1.03,0.099
Brazil,BRA,1874,1.0,0.094
Brazil,BRA,1875,0.94,0.087
Brazil,BRA,1876,0.84,0.077
Brazil,BRA,1877,0.88,0.078
Brazil,BRA,1878,0.95,0.083
Brazil,BRA,1879,0.81,0.07
Brazil,BRA,1880,0.92,0.078
Brazil,BRA,1881,1.03,0.086
Brazil,BRA,1882,0.95,0.077
Brazil,BRA,1883,1.17,0.094
Brazil,BRA,1884,1.28,0.101
Brazil,BRA,1885,1.22,0.094
Brazil,BRA,1886,1.24,0.093
Brazil,BRA,1887,1.32,0.098
Brazil,BRA,1888,1.28,0.093
Brazil,BRA,1889,1.86,0.133
Brazil,BRA,1890,1.71,0.12
Brazil,BRA,1891,2.07,0.142
Brazil,BRA,1892,2.15,0.143
Brazil,BRA,1893,1.97,0.129
Brazil,BRA,1894,2.31,0.147
Brazil,BRA,1895,2.19,0.136
Brazil,BRA,1896,2.62,0.159
Brazil,BRA,1897,2.73,0.162
Brazil,BRA,1898,2.68,0.155
Brazil,BRA,1899,2.61,0.148
Brazil,BRA,1900,2.27,0.126
Brazil,BRA,1901,2.31,0.125
Brazil,BRA,1902,2.55,0.135
Brazil,BRA,1903,2.44,0.127
Brazil,BRA,1904,2.64,0.134
Brazil,BRA,1905,2.87,0.143
Brazil,BRA,1906,3.25,0.158
Brazil,BRA,1907,3.72,0.177
Brazil,BRA,1908,3.73,0.174
Brazil,BRA,1909,3.83,0.175
Brazil,BRA,1910,4.58,0.205
Brazil,BRA,1911,5.38,0.236
Brazil,BRA,1912,5.48,0.235
Brazil,BRA,1913,6.11,0.256
Brazil,BRA,1914,4.66,0.191
Brazil,BRA,1915,3.21,0.129
Brazil,BRA,1916,2.74,0.108
Brazil,BRA,1917,2.84,0.11
Brazil,BRA,1918,2.66,0.1
Brazil,BRA,1919,2.97,0.11
Brazil,BRA,1920,3.96,0.144
Brazil,BRA,1921,2.89,0.102
Brazil,BRA,1922,4.03,0.14
Brazil,BRA,1923,4.79,0.163
Brazil,BRA,1924,5.32,0.178
Brazil,BRA,1925,5.34,0.175
Brazil,BRA,1926,5.47,0.175
Brazil,BRA,1927,6.04,0.19
Brazil,BRA,1928,6.08,0.187
Brazil,BRA,1929,6.34,0.191
Brazil,BRA,1930,5.79,0.171
Brazil,BRA,1931,4.77,0.138
Brazil,BRA,1932,4.78,0.136
Brazil,BRA,1933,5.18,0.144
Brazil,BRA,1934,5.16,0.141
Brazil,BRA,1935,5.38,0.144
Brazil,BRA,1936,5.62,0.147
Brazil,BRA,1937,6.73,0.173
Brazil,BRA,1938,7.18,0.181
Brazil,BRA,1939,5.61,0.138
Brazil,BRA,1940,5.65,0.136
Brazil,BRA,1941,6.28,0.148
Brazil,BRA,1942,5.87,0.134
Brazil,BRA,1943,6.47,0.144
Brazil,BRA,1944,5.9,0.128
Brazil,BRA,1945,6.82,0.144
Brazil,BRA,1946,7.46,0.154
Brazil,BRA,1947,8.95,0.18
Brazil,BRA,1948,7.85,0.154
Brazil,BRA,1949,7.37,0.14
Brazil,BRA,1950,19.66,0.368
Brazil,BRA,1951,21.66,0.394
Brazil,BRA,1952,24.93,0.44
Brazil,BRA,1953,25.22,0.432
Brazil,BRA,1954,29.68,0.493
Brazil,BRA,1955,34.02,0.548
Brazil,BRA,1956,36.61,0.572
Brazil,BRA,1957,35.98,0.545
Brazil,BRA,1958,39.05,0.574
Brazil,BRA,1959,39.02,0.556
Brazil,BRA,1960,46.85,0.647
Brazil,BRA,1961,49.13,0.659
Brazil,BRA,1962,53.61,0.697
Brazil,BRA,1963,55.52,0.701
Brazil,BRA,1964,56.62,0.695
Brazil,BRA,1965,56.27,0.671
Brazil,BRA,1966,64.15,0.745
Brazil,BRA,1967,66.02,0.746
Brazil,BRA,1968,77.21,0.851
Brazil,BRA,1969,84.07,0.904
Brazil,BRA,1970,93.47,0.98
Brazil,BRA,1971,102.31,1.047
Brazil,BRA,1972,113.99,1.138
Brazil,BRA,1973,132.03,1.287
Brazil,BRA,1974,142.98,1.361
Brazil,BRA,1975,150.29,1.396
Brazil,BRA,1976,154.56,1.402
Brazil,BRA,1977,162.31,1.438
Brazil,BRA,1978,177.06,1.532
Brazil,BRA,1979,187.73,1.586
Brazil,BRA,1980,186.13,1.536
Brazil,BRA,1981,171.26,1.38
Brazil,BRA,1982,171.44,1.351
Brazil,BRA,1983,165.85,1.278
Brazil,BRA,1984,167.52,1.263
Brazil,BRA,1985,180.06,1.329
Brazil,BRA,1986,197.18,1.425
Brazil,BRA,1987,205.91,1.459
Brazil,BRA,1988,207.64,1.444
Brazil,BRA,1989,212.02,1.447
Brazil,BRA,1990,218.66,1.466
Brazil,BRA,1991,229.39,1.512
Brazil,BRA,1992,233.6,1.514
Brazil,BRA,1993,244.31,1.558
Brazil,BRA,1994,254.0,1.595
Brazil,BRA,1995,268.68,1.661
Brazil,BRA,1996,289.31,1.762
Brazil,BRA,1997,306.95,1.842
Brazil,BRA,1998,317.36,1.876
Brazil,BRA,1999,327.26,1.907
Brazil,BRA,2000,340.18,1.955
Brazil,BRA,2001,346.17,1.963
Brazil,BRA,2002,347.76,1.948
Brazil,BRA,2003,344.64,1.908
Brazil,BRA,2004,361.43,1.979
Brazil,BRA,2005,364.37,1.973
Brazil,BRA,2006,368.87,1.976
Brazil,BRA,2007,390.57,2.071
Brazil,BRA,2008,412.64,2.168
Brazil,BRA,2009,389.78,2.029
Brazil,BRA,2010,440.27,2.273
Brazil,BRA,2011,461.91,2.365
Brazil,BRA,2012,497.47,2.527
Brazil,BRA,2013,531.57,2.678
Brazil,BRA,2014,556.53,2.781
Brazil,BRA,2015,528.17,2.619
Brazil,BRA,2016,491.74,2.42
Brazil,BRA,2017,497.25,2.429
Brazil,BRA,2018,476.6,2.312
Brazil,BRA,2019,476.72,2.298
Brazil,BRA,2020,448.0,2.147
Brazil,BRA,2021,496.56,2.37
Brazil,BRA,2022,480.06,2.283
Brazil,BRA,2023,483.99,2.292
Brazil,BRA,2024,483.01,2.278
Argentina,ARG,1856,0.02,0.014
Argentina,ARG,1857,0.04,0.033
Argentina,ARG,1858,0.05,0.042
Argentina,ARG,1859,0.03,0.026
Argentina,ARG,1860,0.04,0.032
Argentina,ARG,1861,0.05,0.037
Argentina,ARG,1862,0.04,0.03
Argentina,ARG,1863,0.06,0.043
Argentina,ARG,1864,0.05,0.035
Argentina,ARG,1865,0.09,0.058
Argentina,ARG,1866,0.14,0.09
Argentina,ARG,1867,0.1,0.062
Argentina,ARG,1868,0.15,0.09
Argentina,ARG,1869,0.17,0.101
Argentina,ARG,1870,0.16,0.089
Argentina,ARG,1871,0.17,0.094
Argentina,ARG,1872,0.17,0.089
Argentina,ARG,1873,0.19,0.095
Argentina,ARG,1874,0.22,0.11
Argentina,ARG,1875,0.13,0.062
Argentina,ARG,1876,0.13,0.059
Argentina,ARG,1877,0.1,0.045
Argentina,ARG,1878,0.08,0.035
Argentina,ARG,1879,0.19,0.081
Argentina,ARG,1880,0.19,0.079
Argentina,ARG,1881,0.31,0.122
Argentina,ARG,1882,0.34,0.132
Argentina,ARG,1883,0.48,0.178
Argentina,ARG,1884,0.66,0.236
Argentina,ARG,1885,0.76,0.265
Argentina,ARG,1886,0.78,0.264
Argentina,ARG,1887,1.21,0.395
Argentina,ARG,1888,1.2,0.379
Argentina,ARG,1889,1.97,0.603
Argentina,ARG,1890,1.45,0.431
Argentina,ARG,1891,1.08,0.312
Argentina,ARG,1892,1.68,0.469
Argentina,ARG,1893,1.67,0.45
Argentina,ARG,1894,1.95,0.508
Argentina,ARG,1895,2.34,0.59
Argentina,ARG,1896,2.28,0.558
Argentina,ARG,1897,2.24,0.528
Argentina,ARG,1898,2.23,0.509
Argentina,ARG,1899,2.64,0.584
Argentina,ARG,1900,2.03,0.432
Argentina,ARG,1901,2.41,0.496
Argentina,ARG,1902,2.55,0.507
Argentina,ARG,1903,2.92,0.559
Argentina,ARG,1904,3.74,0.689
Argentina,ARG,1905,4.65,0.826
Argentina,ARG,1906,6.21,1.062
Argentina,ARG,1907,5.46,0.898
Argentina,ARG,1908,5.89,0.935
Argentina,ARG,1909,5.47,0.837
Argentina,ARG,1910,6.93,1.026
Argentina,ARG,1911,8.44,1.214
Argentina,ARG,1912,8.57,1.198
Argentina,ARG,1913,9.35,1.273
Argentina,ARG,1914,8.29,1.101
Argentina,ARG,1915,5.52,0.714
Argentina,ARG,1916,4.22,0.531
Argentina,ARG,1917,2.41,0.296
Argentina,ARG,1918,1.57,0.188
Argentina,ARG,1919,3.41,0.397
Argentina,ARG,1920,5.61,0.636
Argentina,ARG,1921,4.76,0.525
Argentina,ARG,1922,6.06,0.649
Argentina,ARG,1923,7.34,0.764
Argentina,ARG,1924,9.86,0.996
Argentina,ARG,1925,10.16,0.996
Argentina,ARG,1926,10.32,0.983
Argentina,ARG,1927,12.5,1.156
Argentina,ARG,1928,12.19,1.094
Argentina,ARG,1929,12.61,1.102
Argentina,ARG,1930,12.34,1.052
Argentina,ARG,1931,12.47,1.04
Argentina,ARG,1932,12.9,1.055
Argentina,ARG,1933,13.52,1.087
Argentina,ARG,1934,14.66,1.158
Argentina,ARG,1935,14.43,1.12
Argentina,ARG,1936,15.32,1.168
Argentina,ARG,1937,16.41,1.229
Argentina,ARG,1938,16.18,1.191
Argentina,ARG,1939,16.48,1.192
Argentina,ARG,1940,15.65,1.111
Argentina,ARG,1941,13.94,0.972
Argentina,ARG,1942,13.48,0.922
Argentina,ARG,1943,14.08,0.945
Argentina,ARG,1944,13.95,0.919
Argentina,ARG,1945,13.67,0.883
Argentina,ARG,1946,13.7,0.869
Argentina,ARG,1947,14.51,0.903
Argentina,ARG,1948,17.39,1.061
Argentina,ARG,1949,15.36,0.92
Argentina,ARG,1950,29.92,1.758
Argentina,ARG,1951,34.96,2.014
Argentina,ARG,1952,36.1,2.04
Argentina,ARG,1953,35.13,1.947
Argentina,ARG,1954,36.75,1.999
Argentina,ARG,1955,39.56,2.114
Argentina,ARG,1956,44.3,2.325
Argentina,ARG,1957,47.61,2.456
Argentina,ARG,1958,44.19,2.242
Argentina,ARG,1959,48.95,2.441
Argentina,ARG,1960,48.76,2.392
Argentina,ARG,1961,51.13,2.467
Argentina,ARG,1962,53.64,2.545
Argentina,ARG,1963,50.03,2.336
Argentina,ARG,1964,55.67,2.557
Argentina,ARG,1965,58.8,2.659
Argentina,ARG,1966,63.07,2.809
Argentina,ARG,1967,65.48,2.872
Argentina,ARG,1968,69.01,2.981
Argentina,ARG,1969,77.25,3.286
Argentina,ARG,1970,82.65,3.461
Argentina,ARG,1971,88.85,3.663
Argentina,ARG,1972,90.07,3.655
Argentina,ARG,1973,93.98,3.752
Argentina,ARG,1974,95.49,3.75
Argentina,ARG,1975,94.86,3.666
Argentina,ARG,1976,99.72,3.794
Argentina,ARG,1977,100.73,3.772
Argentina,ARG,1978,102.58,3.781
Argentina,ARG,1979,110.65,4.014
Argentina,ARG,1980,108.7,3.88
Argentina,ARG,1981,102.01,3.584
Argentina,ARG,1982,103.39,3.574
Argentina,ARG,1983,105.18,3.579
Argentina,ARG,1984,106.49,3.566
Argentina,ARG,1985,100.57,3.315
Argentina,ARG,1986,104.2,3.382
Argentina,ARG,1987,114.94,3.673
Argentina,ARG,1988,121.46,3.822
Argentina,ARG,1989,117.07,3.628
Argentina,ARG,1990,112.19,3.425
Argentina,ARG,1991,117.73,3.543
Argentina,ARG,1992,121.51,3.606
Argentina,ARG,1993,118.02,3.456
Argentina,ARG,1994,118.51,3.424
Argentina,ARG,1995,125.42,3.576
Argentina,ARG,1996,131.45,3.701
Argentina,ARG,1997,136.62,3.8
Argentina,ARG,1998,139.51,3.835
Argentina,ARG,1999,148.34,4.032
Argentina,ARG,2000,143.35,3.852
Argentina,ARG,2001,135.0,3.588
Argentina,ARG,2002,124.93,3.285
Argentina,ARG,2003,134.42,3.498
Argentina,ARG,2004,157.24,4.051
Argentina,ARG,2005,161.73,4.124
Argentina,ARG,2006,174.34,4.4
Argentina,ARG,2007,173.76,4.342
Argentina,ARG,2008,187.6,4.641
Argentina,ARG,2009,178.38,4.366
Argentina,ARG,2010,186.12,4.508
Argentina,ARG,2011,189.88,4.55
Argentina,ARG,2012,191.71,4.547
Argentina,ARG,2013,189.52,4.451
Argentina,ARG,2014,188.54,4.382
Argentina,ARG,2015,191.81,4.412
Argentina,ARG,2016,190.02,4.328
Argentina,ARG,2017,187.07,4.224
Argentina,ARG,2018,182.48,4.087
Argentina,ARG,2019,180.43,4.012
Argentina,ARG,2020,164.61,3.643
Argentina,ARG,2021,190.2,4.197
Argentina,ARG,2022,183.77,4.047
Argentina,ARG,2023,178.41,3.918
Argentina,ARG,2024,171.06,3.743
Colombia,COL,1856,0.01,0.004
Colombia,COL,1857,0.02,0.007
Colombia,COL,1858,0.02,0.008
Colombia,COL,1859,0.01,0.002
Colombia,COL,1860,0.01,0.004
Colombia,COL,1861,0.01,0.005
Colombia,COL,1862,0.03,0.01
Colombia,COL,1863,0.02,0.009
Colombia,COL,1864,0.02,0.008
Colombia,COL,1865,0.01,0.004
Colombia,COL,1866,0.08,0.031
Colombia,COL,1867,0.05,0.019
Colombia,COL,1868,0.07,0.03
Colombia,COL,1869,0.02,0.008
Colombia,COL,1870,0.05,0.022
Colombia,COL,1871,0.12,0.049
Colombia,COL,1872,0.1,0.042
Colombia,COL,1873,0.08,0.032
Colombia,COL,1874,0.08,0.03
Colombia,COL,1875,0.07,0.028
Colombia,COL,1876,0.07,0.026
Colombia,COL,1877,0.07,0.025
Colombia,COL,1878,0.06,0.022
Colombia,COL,1879,0.07,0.024
Colombia,COL,1880,0.07,0.025
Colombia,COL,1881,0.06,0.021
Colombia,COL,1882,0.09,0.029
Colombia,COL,1883,0.11,0.036
Colombia,COL,1884,0.14,0.047
Colombia,COL,1885,0.22,0.071
Colombia,COL,1886,0.27,0.085
Colombia,COL,1887,0.23,0.073
Colombia,COL,1888,0.3,0.09
Colombia,COL,1889,0.12,0.035
Colombia,COL,1890,0.11,0.032
Colombia,COL,1891,0.09,0.026
Colombia,COL,1892,0.08,0.023
Colombia,COL,1893,0.1,0.027
Colombia,COL,1894,0.08,0.021
Colombia,COL,1895,0.1,0.027
Colombia,COL,1896,0.1,0.026
Colombia,COL,1897,0.08,0.021
Colombia,COL,1898,0.08,0.02
Colombia,COL,1899,0.07,0.019
Colombia,COL,1900,0.09,0.023
Colombia,COL,1901,0.14,0.034
Colombia,COL,1902,0.13,0.032
Colombia,COL,1903,0.09,0.022
Colombia,COL,1904,0.05,0.013
Colombia,COL,1905,0.02,0.005
Colombia,COL,1906,0.02,0.005
Colombia,COL,1907,0.03,0.005
Colombia,COL,1908,0.02,0.003
Colombia,COL,1909,0.02,0.005
Colombia,COL,1910,0.01,0.003
Colombia,COL,1911,0.02,0.004
Colombia,COL,1912,0.02,0.004
Colombia,COL,1913,0.04,0.008
Colombia,COL,1914,0.05,0.01
Colombia,COL,1915,0.04,0.007
Colombia,COL,1916,0.05,0.009
Colombia,COL,1917,0.07,0.012
Colombia,COL,1918,0.07,0.011
Colombia,COL,1919,0.12,0.02
Colombia,COL,1920,0.11,0.017
Colombia,COL,1921,0.16,0.025
Colombia,COL,1922,0.29,0.045
Colombia,COL,1923,0.31,0.047
Colombia,COL,1924,0.34,0.049
Colombia,COL,1925,0.63,0.088
Colombia,COL,1926,1.1,0.152
Colombia,COL,1927,1.03,0.138
Colombia,COL,1928,1.32,0.174
Colombia,COL,1929,1.31,0.168
Colombia,COL,1930,0.73,0.092
Colombia,COL,1931,0.76,0.094
Colombia,COL,1932,0.61,0.074
Colombia,COL,1933,0.95,0.114
Colombia,COL,1934,0.81,0.095
Colombia,COL,1935,2.5,0.291
Colombia,COL,1936,2.89,0.331
Colombia,COL,1937,2.87,0.324
Colombia,COL,1938,3.08,0.343
Colombia,COL,1939,4.81,0.526
Colombia,COL,1940,4.3,0.462
Colombia,COL,1941,3.95,0.416
Colombia,COL,1942,4.27,0.44
Colombia,COL,1943,3.94,0.396
Colombia,COL,1944,4.91,0.483
Colombia,COL,1945,4.76,0.457
Colombia,COL,1946,5.78,0.542
Colombia,COL,1947,5.86,0.537
Colombia,COL,1948,5.18,0.464
Colombia,COL,1949,5.87,0.512
Colombia,COL,1950,7.26,0.617
Colombia,COL,1951,8.16,0.676
Colombia,COL,1952,8.63,0.696
Colombia,COL,1953,10.76,0.844
Colombia,COL,1954,9.62,0.734
Colombia,COL,1955,11.94,0.887
Colombia,COL,1956,12.6,0.909
Colombia,COL,1957,13.65,0.957
Colombia,COL,1958,13.98,0.951
Colombia,COL,1959,16.09,1.063
Colombia,COL,1960,16.39,1.05
Colombia,COL,1961,18.2,1.131
Colombia,COL,1962,19.42,1.17
Colombia,COL,1963,21.23,1.241
Colombia,COL,1964,21.68,1.229
Colombia,COL,1965,22.86,1.258
Colombia,COL,1966,23.47,1.255
Colombia,COL,1967,24.69,1.283
Colombia,COL,1968,26.57,1.344
Colombia,COL,1969,28.02,1.381
Colombia,COL,1970,28.37,1.363
Colombia,COL,1971,30.28,1.42
Colombia,COL,1972,31.43,1.44
Colombia,COL,1973,33.63,1.506
Colombia,COL,1974,36.4,1.594
Colombia,COL,1975,35.81,1.534
Colombia,COL,1976,37.98,1.592
Colombia,COL,1977,39.24,1.609
Colombia,COL,1978,41.54,1.665
Colombia,COL,1979,44.27,1.735
Colombia,COL,1980,44.18,1.692
Colombia,COL,1981,44.27,1.657
Colombia,COL,1982,45.69,1.671
Colombia,COL,1983,49.22,1.759
Colombia,COL,1984,48.71,1.701
Colombia,COL,1985,48.09,1.643
Colombia,COL,1986,48.77,1.632
Colombia,COL,1987,50.14,1.644
Colombia,COL,1988,52.15,1.675
Colombia,COL,1989,53.1,1.671
Colombia,COL,1990,56.86,1.753
Colombia,COL,1991,56.61,1.71
Colombia,COL,1992,61.34,1.817
Colombia,COL,1993,63.26,1.837
Colombia,COL,1994,66.98,1.907
Colombia,COL,1995,59.35,1.658
Colombia,COL,1996,59.63,1.635
Colombia,COL,1997,65.1,1.754
Colombia,COL,1998,65.56,1.735
Colombia,COL,1999,55.29,1.438
Colombia,COL,2000,56.21,1.438
Colombia,COL,2001,56.47,1.422
Colombia,COL,2002,55.42,1.374
Colombia,COL,2003,57.03,1.393
Colombia,COL,2004,54.32,1.308
Colombia,COL,2005,60.26,1.43
Colombia,COL,2006,62.47,1.463
Colombia,COL,2007,60.67,1.403
Colombia,COL,2008,66.98,1.531
Colombia,COL,2009,71.77,1.621
Colombia,COL,2010,75.43,1.685
Colombia,COL,2011,75.19,1.661
Colombia,COL,2012,78.67,1.721
Colombia,COL,2013,86.45,1.873
Colombia,COL,2014,92.04,1.977
Colombia,COL,2015,91.03,1.938
Colombia,COL,2016,91.58,1.931
Colombia,COL,2017,83.46,1.734
Colombia,COL,2018,90.81,1.852
Colombia,COL,2019,98.96,1.983
Colombia,COL,2020,92.31,1.823
Colombia,COL,2021,103.73,2.027
Colombia,COL,2022,89.44,1.729
Colombia,COL,2023,89.99,1.72
Colombia,COL,2024,92.66,1.752
Chile,CHL,1850,0.09,0.067
Chile,CHL,1851,0.11,0.077
Chile,CHL,1852,0.18,0.124
Chile,CHL,1853,0.12,0.078
Chile,CHL,1854,0.01,0.004
Chile,CHL,1855,0.15,0.098
Chile,CHL,1856,0.22,0.14
Chile,CHL,1857,0.44,0.278
Chile,CHL,1858,0.45,0.278
Chile,CHL,1859,0.25,0.152
Chile,CHL,1860,0.42,0.251
Chile,CHL,1861,0.3,0.173
Chile,CHL,1862,0.29,0.169
Chile,CHL,1863,0.25,0.143
Chile,CHL,1864,0.39,0.219
Chile,CHL,1865,0.4,0.219
Chile,CHL,1866,0.55,0.296
Chile,CHL,1867,0.89,0.468
Chile,CHL,1868,0.69,0.356
Chile,CHL,1869,0.72,0.368
Chile,CHL,1870,0.66,0.33
Chile,CHL,1871,0.58,0.287
Chile,CHL,1872,1.03,0.498
Chile,CHL,1873,1.26,0.6
Chile,CHL,1874,1.64,0.772
Chile,CHL,1875,1.47,0.678
Chile,CHL,1876,1.6,0.726
Chile,CHL,1877,1.35,0.604
Chile,CHL,1878,1.26,0.553
Chile,CHL,1879,1.38,0.599
Chile,CHL,1880,1.75,0.743
Chile,CHL,1881,1.76,0.736
Chile,CHL,1882,1.87,0.773
Chile,CHL,1883,1.66,0.672
Chile,CHL,1884,1.71,0.684
Chile,CHL,1885,1.76,0.692
Chile,CHL,1886,1.6,0.62
Chile,CHL,1887,1.56,0.595
Chile,CHL,1888,2.29,0.86
Chile,CHL,1889,2.13,0.788
Chile,CHL,1890,2.08,0.758
Chile,CHL,1891,2.48,0.894
Chile,CHL,1892,2.02,0.717
Chile,CHL,1893,2.14,0.751
Chile,CHL,1894,3.08,1.062
Chile,CHL,1895,2.95,1.005
Chile,CHL,1896,3.24,1.087
Chile,CHL,1897,2.72,0.9
Chile,CHL,1898,3.03,0.991
Chile,CHL,1899,3.05,0.984
Chile,CHL,1900,3.0,0.955
Chile,CHL,1901,3.19,1.003
Chile,CHL,1902,2.96,0.917
Chile,CHL,1903,3.16,0.965
Chile,CHL,1904,2.92,0.882
Chile,CHL,1905,3.79,1.131
Chile,CHL,1906,3.79,1.117
Chile,CHL,1907,5.33,1.551
Chile,CHL,1908,4.99,1.434
Chile,CHL,1909,5.03,1.428
Chile,CHL,1910,5.03,1.408
Chile,CHL,1911,5.89,1.63
Chile,CHL,1912,6.67,1.822
Chile,CHL,1913,6.51,1.756
Chile,CHL,1914,5.16,1.375
Chile,CHL,1915,3.6,0.945
Chile,CHL,1916,4.37,1.133
Chile,CHL,1917,4.48,1.149
Chile,CHL,1918,4.02,1.018
Chile,CHL,1919,3.59,0.899
Chile,CHL,1920,2.89,0.716
Chile,CHL,1921,3.9,0.953
Chile,CHL,1922,2.45,0.59
Chile,CHL,1923,2.78,0.66
Chile,CHL,1924,3.99,0.936
Chile,CHL,1925,3.84,0.887
Chile,CHL,1926,3.74,0.854
Chile,CHL,1927,3.7,0.832
Chile,CHL,1928,3.47,0.771
Chile,CHL,1929,3.83,0.839
Chile,CHL,1930,3.53,0.762
Chile,CHL,1931,2.73,0.58
Chile,CHL,1932,2.64,0.551
Chile,CHL,1933,3.55,0.728
Chile,CHL,1934,4.16,0.839
Chile,CHL,1935,4.18,0.829
Chile,CHL,1936,4.58,0.893
Chile,CHL,1937,5.0,0.959
Chile,CHL,1938,5.07,0.956
Chile,CHL,1939,4.67,0.865
Chile,CHL,1940,5.4,0.984
Chile,CHL,1941,5.27,0.942
Chile,CHL,1942,5.33,0.935
Chile,CHL,1943,5.58,0.962
Chile,CHL,1944,5.48,0.927
Chile,CHL,1945,5.23,0.869
Chile,CHL,1946,5.26,0.857
Chile,CHL,1947,5.45,0.872
Chile,CHL,1948,5.75,0.904
Chile,CHL,1949,5.18,0.798
Chile,CHL,1950,9.38,1.416
Chile,CHL,1951,9.98,1.477
Chile,CHL,1952,10.6,1.539
Chile,CHL,1953,10.4,1.479
Chile,CHL,1954,11.08,1.543
Chile,CHL,1955,11.6,1.582
Chile,CHL,1956,11.83,1.58
Chile,CHL,1957,11.73,1.532
Chile,CHL,1958,12.45,1.593
Chile,CHL,1959,12.7,1.591
Chile,CHL,1960,13.48,1.653
Chile,CHL,1961,14.46,1.737
Chile,CHL,1962,16.71,1.966
Chile,CHL,1963,17.34,2.0
Chile,CHL,1964,17.51,1.98
Chile,CHL,1965,17.75,1.969
Chile,CHL,1966,18.77,2.045
Chile,CHL,1967,19.24,2.058
Chile,CHL,1968,21.2,2.228
Chile,CHL,1969,22.53,2.328
Chile,CHL,1970,24.64,2.502
Chile,CHL,1971,27.06,2.703
Chile,CHL,1972,28.14,2.766
Chile,CHL,1973,27.59,2.668
Chile,CHL,1974,25.88,2.463
Chile,CHL,1975,22.95,2.15
Chile,CHL,1976,24.03,2.217
Chile,CHL,1977,23.02,2.091
Chile,CHL,1978,22.84,2.044
Chile,CHL,1979,24.73,2.181
Chile,CHL,1980,25.1,2.181
Chile,CHL,1981,24.35,2.085
Chile,CHL,1982,20.48,1.728
Chile,CHL,1983,20.67,1.719
Chile,CHL,1984,22.0,1.803
Chile,CHL,1985,21.29,1.718
Chile,CHL,1986,22.02,1.749
Chile,CHL,1987,22.41,1.752
Chile,CHL,1988,26.6,2.046
Chile,CHL,1989,32.02,2.423
Chile,CHL,1990,32.91,2.449
Chile,CHL,1991,30.89,2.261
Chile,CHL,1992,32.0,2.305
Chile,CHL,1993,34.1,2.418
Chile,CHL,1994,37.97,2.653
Chile,CHL,1995,41.56,2.861
Chile,CHL,1996,48.23,3.273
Chile,CHL,1997,55.94,3.746
Chile,CHL,1998,57.26,3.785
Chile,CHL,1999,61.41,4.009
Chile,CHL,2000,58.5,3.773
Chile,CHL,2001,52.92,3.374
Chile,CHL,2002,54.84,3.458
Chile,CHL,2003,55.1,3.438
Chile,CHL,2004,59.22,3.658
Chile,CHL,2005,61.12,3.738
Chile,CHL,2006,64.05,3.88
Chile,CHL,2007,70.47,4.227
Chile,CHL,2008,70.55,4.19
Chile,CHL,2009,65.96,3.878
Chile,CHL,2010,71.35,4.153
Chile,CHL,2011,78.07,4.499
Chile,CHL,2012,79.62,4.545
Chile,CHL,2013,81.73,4.621
Chile,CHL,2014,77.59,4.343
Chile,CHL,2015,81.78,4.531
Chile,CHL,2016,84.25,4.612
Chile,CHL,2017,84.13,4.533
Chile,CHL,2018,84.44,4.469
Chile,CHL,2019,91.98,4.791
Chile,CHL,2020,80.18,4.139
Chile,CHL,2021,83.63,4.298
Chile,CHL,2022,85.74,4.385
Chile,CHL,2023,77.6,3.948
Chile,CHL,2024,78.73,3.983
Australia,AUS,1850,0.11,0.18
Australia,AUS,1851,0.11,0.16
Australia,AUS,1852,0.11,0.149
Australia,AUS,1853,0.15,0.198
Australia,AUS,1854,0.18,0.22
Australia,AUS,1855,0.22,0.24
Australia,AUS,1856,0.3,0.307
Australia,AUS,1857,0.33,0.315
Australia,AUS,1858,0.34,0.299
Australia,AUS,1859,0.48,0.398
Australia,AUS,1860,0.6,0.466
Australia,AUS,1861,0.56,0.415
Australia,AUS,1862,0.79,0.561
Australia,AUS,1863,0.72,0.499
Australia,AUS,1864,0.9,0.608
Australia,AUS,1865,0.97,0.636
Australia,AUS,1866,1.28,0.813
Australia,AUS,1867,1.24,0.765
Australia,AUS,1868,1.53,0.918
Australia,AUS,1869,1.46,0.854
Australia,AUS,1870,1.4,0.797
Australia,AUS,1871,1.44,0.799
Australia,AUS,1872,1.64,0.888
Australia,AUS,1873,1.93,1.025
Australia,AUS,1874,2.13,1.105
Australia,AUS,1875,2.14,1.091
Australia,AUS,1876,2.16,1.076
Australia,AUS,1877,2.37,1.158
Australia,AUS,1878,2.56,1.224
Australia,AUS,1879,2.58,1.203
Australia,AUS,1880,2.42,1.098
Australia,AUS,1881,2.91,1.282
Australia,AUS,1882,3.45,1.474
Australia,AUS,1883,4.15,1.712
Australia,AUS,1884,4.53,1.807
Australia,AUS,1885,4.87,1.877
Australia,AUS,1886,4.83,1.798
Australia,AUS,1887,5.02,1.807
Australia,AUS,1888,5.61,1.949
Australia,AUS,1889,6.25,2.106
Australia,AUS,1890,5.45,1.786
Australia,AUS,1891,6.88,2.201
Australia,AUS,1892,6.46,2.022
Australia,AUS,1893,5.77,1.774
Australia,AUS,1894,6.52,1.968
Australia,AUS,1895,6.75,2.0
Australia,AUS,1896,7.17,2.085
Australia,AUS,1897,7.91,2.258
Australia,AUS,1898,8.51,2.387
Australia,AUS,1899,8.7,2.395
Australia,AUS,1900,10.17,2.753
Australia,AUS,1901,11.44,3.046
Australia,AUS,1902,11.4,2.986
Australia,AUS,1903,11.22,2.897
Australia,AUS,1904,11.54,2.934
Australia,AUS,1905,12.05,3.016
Australia,AUS,1906,14.36,3.538
Australia,AUS,1907,15.49,3.758
Australia,AUS,1908,16.79,4.012
Australia,AUS,1909,14.58,3.427
Australia,AUS,1910,17.71,4.09
Australia,AUS,1911,19.53,4.429
Australia,AUS,1912,21.21,4.72
Australia,AUS,1913,22.8,4.973
Australia,AUS,1914,24.92,5.328
Australia,AUS,1915,22.27,4.666
Australia,AUS,1916,19.85,4.078
Australia,AUS,1917,21.33,4.295
Australia,AUS,1918,23.36,4.609
Australia,AUS,1919,22.19,4.29
Australia,AUS,1920,26.31,4.988
Australia,AUS,1921,23.79,4.423
Australia,AUS,1922,24.92,4.547
Australia,AUS,1923,25.68,4.598
Australia,AUS,1924,28.19,4.953
Australia,AUS,1925,29.63,5.109
Australia,AUS,1926,29.59,5.006
Australia,AUS,1927,31.27,5.192
Australia,AUS,1928,29.02,4.728
Australia,AUS,1929,26.91,4.311
Australia,AUS,1930,25.9,4.09
Australia,AUS,1931,22.55,3.517
Australia,AUS,1932,23.05,3.557
Australia,AUS,1933,24.78,3.792
Australia,AUS,1934,26.21,3.976
Australia,AUS,1935,28.96,4.356
Australia,AUS,1936,31.51,4.701
Australia,AUS,1937,33.76,4.992
Australia,AUS,1938,33.7,4.942
Australia,AUS,1939,37.98,5.515
Australia,AUS,1940,35.35,5.073
Australia,AUS,1941,39.33,5.572
Australia,AUS,1942,42.03,5.867
Australia,AUS,1943,41.19,5.659
Australia,AUS,1944,41.03,5.547
Australia,AUS,1945,39.16,5.21
Australia,AUS,1946,42.74,5.596
Australia,AUS,1947,44.78,5.769
Australia,AUS,1948,47.01,5.961
Australia,AUS,1949,48.06,5.989
Australia,AUS,1950,55.64,6.804
Australia,AUS,1951,61.05,7.252
Australia,AUS,1952,62.41,7.231
Australia,AUS,1953,63.0,7.146
Australia,AUS,1954,67.92,7.547
Australia,AUS,1955,71.95,7.816
Australia,AUS,1956,75.47,8.008
Australia,AUS,1957,75.47,7.83
Australia,AUS,1958,77.93,7.913
Australia,AUS,1959,83.07,8.257
Australia,AUS,1960,87.44,8.505
Australia,AUS,1961,87.01,8.286
Australia,AUS,1962,90.91,8.49
Australia,AUS,1963,95.99,8.796
Australia,AUS,1964,103.54,9.305
Australia,AUS,1965,113.61,10.003
Australia,AUS,1966,115.74,9.984
Australia,AUS,1967,122.28,10.354
Australia,AUS,1968,128.77,10.704
Australia,AUS,1969,136.41,11.115
Australia,AUS,1970,147.86,11.736
Australia,AUS,1971,151.12,11.626
Australia,AUS,1972,153.6,11.544
Australia,AUS,1973,170.14,12.586
Australia,AUS,1974,166.18,12.113
Australia,AUS,1975,173.1,12.459
Australia,AUS,1976,169.8,12.088
Australia,AUS,1977,181.91,12.808
Australia,AUS,1978,191.05,13.298
Australia,AUS,1979,192.32,13.233
Australia,AUS,1980,204.37,13.883
Australia,AUS,1981,213.81,14.302
Australia,AUS,1982,218.0,14.349
Australia,AUS,1983,207.65,13.47
Australia,AUS,1984,217.51,13.925
Australia,AUS,1985,224.56,14.18
Australia,AUS,1986,224.04,13.942
Australia,AUS,1987,234.6,14.373
Australia,AUS,1988,240.74,14.507
Australia,AUS,1989,256.84,15.225
Australia,AUS,1990,278.06,16.236
Australia,AUS,1991,279.44,16.103
Australia,AUS,1992,284.43,16.208
Australia,AUS,1993,288.78,16.294
Australia,AUS,1994,293.61,16.405
Australia,AUS,1995,304.96,16.853
Australia,AUS,1996,311.85,17.036
Australia,AUS,1997,320.24,17.306
Australia,AUS,1998,334.04,17.861
Australia,AUS,1999,343.88,18.185
Australia,AUS,2000,349.9,18.288
Australia,AUS,2001,357.67,18.469
Australia,AUS,2002,362.42,18.495
Australia,AUS,2003,370.78,18.708
Australia,AUS,2004,382.0,19.056
Australia,AUS,2005,385.08,18.975
Australia,AUS,2006,391.37,19.007
Australia,AUS,2007,398.9,19.036
Australia,AUS,2008,404.28,18.918
Australia,AUS,2009,406.98,18.683
Australia,AUS,2010,405.03,18.293
Australia,AUS,2011,403.87,17.966
Australia,AUS,2012,405.01,17.722
Australia,AUS,2013,397.85,17.122
Australia,AUS,2014,392.61,16.639
Australia,AUS,2015,400.59,16.727
Australia,AUS,2016,409.67,16.838
Australia,AUS,2017,413.41,16.716
Australia,AUS,2018,414.78,16.512
Australia,AUS,2019,414.93,16.283
Australia,AUS,2020,398.55,15.481
Australia,AUS,2021,388.47,14.966
Australia,AUS,2022,384.08,14.659
Australia,AUS,2023,384.32,14.529
Australia,AUS,2024,386.73,14.477
New Zealand,NZL,1850,0.0,0.0
New Zealand,NZL,1851,0.0,0.0
New Zealand,NZL,1852,0.0,0.0
New Zealand,NZL,1853,0.0,0.0
New Zealand,NZL,1854,0.0,0.0
New Zealand,NZL,1855,0.0,0.0
New Zealand,NZL,1856,0.0,0.0
New Zealand,NZL,1857,0.0,0.0
New Zealand,NZL,1858,0.0,0.0
New Zealand,NZL,1859,0.0,0.0
New Zealand,NZL,1860,0.0,0.0
New Zealand,NZL,1861,0.0,0.0
New Zealand,NZL,1862,0.0,0.0
New Zealand,NZL,1863,0.0,0.0
New Zealand,NZL,1864,0.0,0.0
New Zealand,NZL,1865,0.0,0.0
New Zealand,NZL,1866,0.0,0.0
New Zealand,NZL,1867,0.0,0.0
New Zealand,NZL,1868,0.0,0.0
New Zealand,NZL,1869,0.0,0.0
New Zealand,NZL,1870,0.0,0.0
New Zealand,NZL,1871,0.0,0.0
New Zealand,NZL,1872,0.0,0.0
New Zealand,NZL,1873,0.0,0.0
New Zealand,NZL,1874,0.0,0.0
New Zealand,NZL,1875,0.0,0.0
New Zealand,NZL,1876,0.0,0.0
New Zealand,NZL,1877,0.0,0.0
New Zealand,NZL,1878,0.36,0.766
New Zealand,NZL,1879,0.51,1.036
New Zealand,NZL,1880,0.66,1.286
New Zealand,NZL,1881,0.74,1.391
New Zealand,NZL,1882,0.83,1.517
New Zealand,NZL,1883,0.93,1.657
New Zealand,NZL,1884,1.06,1.847
New Zealand,NZL,1885,1.13,1.92
New Zealand,NZL,1886,1.18,1.959
New Zealand,NZL,1887,1.24,2.006
New Zealand,NZL,1888,1.36,2.155
New Zealand,NZL,1889,1.31,2.025
New Zealand,NZL,1890,1.42,2.147
New Zealand,NZL,1891,1.49,2.204
New Zealand,NZL,1892,1.5,2.176
New Zealand,NZL,1893,1.54,2.191
New Zealand,NZL,1894,1.61,2.241
New Zealand,NZL,1895,1.62,2.218
New Zealand,NZL,1896,1.77,2.373
New Zealand,NZL,1897,1.88,2.467
New Zealand,NZL,1898,2.02,2.609
New Zealand,NZL,1899,2.18,2.75
New Zealand,NZL,1900,2.44,3.016
New Zealand,NZL,1901,2.74,3.309
New Zealand,NZL,1902,3.04,3.583
New Zealand,NZL,1903,3.17,3.639
New Zealand,NZL,1904,3.43,3.841
New Zealand,NZL,1905,3.54,3.859
New Zealand,NZL,1906,3.86,4.104
New Zealand,NZL,1907,4.09,4.231
New Zealand,NZL,1908,4.15,4.189
New Zealand,NZL,1909,4.26,4.202
New Zealand,NZL,1910,4.9,4.724
New Zealand,NZL,1911,4.61,4.351
New Zealand,NZL,1912,4.86,4.504
New Zealand,NZL,1913,4.21,3.837
New Zealand,NZL,1914,5.08,4.549
New Zealand,NZL,1915,4.93,4.34
New Zealand,NZL,1916,5.04,4.358
New Zealand,NZL,1917,4.62,3.925
New Zealand,NZL,1918,4.54,3.797
New Zealand,NZL,1919,4.13,3.391
New Zealand,NZL,1920,3.56,2.871
New Zealand,NZL,1921,3.5,2.773
New Zealand,NZL,1922,3.56,2.771
New Zealand,NZL,1923,3.84,2.931
New Zealand,NZL,1924,3.99,2.992
New Zealand,NZL,1925,4.09,3.01
New Zealand,NZL,1926,4.27,3.088
New Zealand,NZL,1927,4.5,3.19
New Zealand,NZL,1928,4.71,3.284
New Zealand,NZL,1929,4.89,3.353
New Zealand,NZL,1930,4.87,3.284
New Zealand,NZL,1931,4.24,2.825
New Zealand,NZL,1932,3.54,2.333
New Zealand,NZL,1933,3.55,2.316
New Zealand,NZL,1934,3.98,2.578
New Zealand,NZL,1935,4.15,2.662
New Zealand,NZL,1936,4.18,2.654
New Zealand,NZL,1937,4.38,2.759
New Zealand,NZL,1938,4.25,2.649
New Zealand,NZL,1939,4.46,2.755
New Zealand,NZL,1940,4.76,2.904
New Zealand,NZL,1941,5.0,3.013
New Zealand,NZL,1942,5.1,3.027
New Zealand,NZL,1943,5.37,3.141
New Zealand,NZL,1944,5.47,3.15
New Zealand,NZL,1945,5.62,3.187
New Zealand,NZL,1946,5.53,3.09
New Zealand,NZL,1947,5.45,2.998
New Zealand,NZL,1948,5.5,2.98
New Zealand,NZL,1949,5.61,2.987
New Zealand,NZL,1950,8.57,4.483
New Zealand,NZL,1951,8.17,4.187
New Zealand,NZL,1952,9.32,4.665
New Zealand,NZL,1953,8.55,4.176
New Zealand,NZL,1954,9.07,4.329
New Zealand,NZL,1955,9.39,4.39
New Zealand,NZL,1956,9.67,4.428
New Zealand,NZL,1957,10.3,4.613
New Zealand,NZL,1958,10.18,4.455
New Zealand,NZL,1959,10.32,4.422
New Zealand,NZL,1960,11.53,4.846
New Zealand,NZL,1961,11.76,4.838
New Zealand,NZL,1962,11.2,4.507
New Zealand,NZL,1963,12.22,4.813
New Zealand,NZL,1964,13.09,5.057
New Zealand,NZL,1965,13.69,5.191
New Zealand,NZL,1966,14.0,5.219
New Zealand,NZL,1967,13.63,5.004
New Zealand,NZL,1968,13.47,4.891
New Zealand,NZL,1969,14.26,5.12
New Zealand,NZL,1970,14.18,5.024
New Zealand,NZL,1971,15.05,5.249
New Zealand,NZL,1972,16.19,5.546
New Zealand,NZL,1973,18.2,6.11
New Zealand,NZL,1974,18.76,6.169
New Zealand,NZL,1975,18.27,5.905
New Zealand,NZL,1976,19.25,6.156
New Zealand,NZL,1977,20.31,6.469
New Zealand,NZL,1978,18.02,5.736
New Zealand,NZL,1979,16.49,5.25
New Zealand,NZL,1980,17.48,5.556
New Zealand,NZL,1981,16.56,5.241
New Zealand,NZL,1982,18.27,5.736
New Zealand,NZL,1983,18.0,5.591
New Zealand,NZL,1984,19.34,5.95
New Zealand,NZL,1985,21.86,6.688
New Zealand,NZL,1986,22.95,6.993
New Zealand,NZL,1987,24.17,7.324
New Zealand,NZL,1988,25.45,7.674
New Zealand,NZL,1989,25.45,7.635
New Zealand,NZL,1990,25.49,7.504
New Zealand,NZL,1991,26.17,7.518
New Zealand,NZL,1992,28.15,7.971
New Zealand,NZL,1993,27.75,7.764
New Zealand,NZL,1994,27.89,7.701
New Zealand,NZL,1995,27.99,7.617
New Zealand,NZL,1996,29.29,7.853
New Zealand,NZL,1997,31.26,8.277
New Zealand,NZL,1998,29.84,7.828
New Zealand,NZL,1999,31.44,8.198
New Zealand,NZL,2000,32.22,8.353
New Zealand,NZL,2001,34.36,8.828
New Zealand,NZL,2002,34.52,8.737
New Zealand,NZL,2003,36.22,9.004
New Zealand,NZL,2004,35.81,8.768
New Zealand,NZL,2005,37.4,9.045
New Zealand,NZL,2006,37.3,8.92
New Zealand,NZL,2007,36.38,8.615
New Zealand,NZL,2008,37.49,8.796
New Zealand,NZL,2009,34.59,8.037
New Zealand,NZL,2010,34.79,8.001
New Zealand,NZL,2011,34.24,7.813
New Zealand,NZL,2012,35.92,8.142
New Zealand,NZL,2013,35.22,7.908
New Zealand,NZL,2014,35.4,7.827
New Zealand,NZL,2015,35.81,7.76
New Zealand,NZL,2016,34.13,7.24
New Zealand,NZL,2017,35.66,7.41
New Zealand,NZL,2018,35.69,7.282
New Zealand,NZL,2019,36.71,7.358
New Zealand,NZL,2020,34.11,6.728
New Zealand,NZL,2021,34.6,6.773
New Zealand,NZL,2022,31.97,6.229
New Zealand,NZL,2023,31.56,6.101
New Zealand,NZL,2024,32.48,6.229
South Korea,KOR,1905,0.0,0.0
South Korea,KOR,1909,0.01,0.001
South Korea,KOR,1910,0.01,0.001
South Korea,KOR,1911,0.01,0.001
South Korea,KOR,1912,0.02,0.002
South Korea,KOR,1913,0.02,0.002
South Korea,KOR,1914,0.03,0.002
South Korea,KOR,1915,0.03,0.003
South Korea,KOR,1916,0.03,0.002
South Korea,KOR,1918,0.03,0.002
South Korea,KOR,1919,0.03,0.003
South Korea,KOR,1920,0.04,0.004
South Korea,KOR,1921,0.04,0.004
South Korea,KOR,1922,0.04,0.004
South Korea,KOR,1923,0.05,0.004
South Korea,KOR,1924,0.06,0.005
South Korea,KOR,1925,0.09,0.007
South Korea,KOR,1926,0.1,0.008
South Korea,KOR,1927,0.1,0.008
South Korea,KOR,1928,0.11,0.009
South Korea,KOR,1929,0.13,0.01
South Korea,KOR,1930,0.12,0.009
South Korea,KOR,1931,0.13,0.01
South Korea,KOR,1932,0.15,0.011
South Korea,KOR,1933,0.18,0.013
South Korea,KOR,1934,0.24,0.017
South Korea,KOR,1935,0.28,0.02
South Korea,KOR,1936,0.33,0.023
South Korea,KOR,1937,0.36,0.024
South Korea,KOR,1938,0.48,0.032
South Korea,KOR,1939,0.62,0.041
South Korea,KOR,1940,0.8,0.052
South Korea,KOR,1941,0.89,0.057
South Korea,KOR,1942,0.99,0.061
South Korea,KOR,1943,0.96,0.058
South Korea,KOR,1944,1.01,0.059
South Korea,KOR,1945,0.0,0.0
South Korea,KOR,1946,0.49,0.027
South Korea,KOR,1947,0.9,0.048
South Korea,KOR,1948,1.67,0.087
South Korea,KOR,1949,2.18,0.111
South Korea,KOR,1950,2.18,0.111
South Korea,KOR,1951,2.92,0.147
South Korea,KOR,1952,3.46,0.171
South Korea,KOR,1953,4.69,0.226
South Korea,KOR,1954,5.16,0.241
South Korea,KOR,1955,6.44,0.291
South Korea,KOR,1956,7.55,0.33
South Korea,KOR,1957,8.21,0.347
South Korea,KOR,1958,9.01,0.368
South Korea,KOR,1959,11.22,0.444
South Korea,KOR,1960,12.54,0.48
South Korea,KOR,1961,14.45,0.538
South Korea,KOR,1962,17.26,0.627
South Korea,KOR,1963,21.08,0.749
South Korea,KOR,1964,22.2,0.772
South Korea,KOR,1965,24.98,0.853
South Korea,KOR,1966,29.98,1.005
South Korea,KOR,1967,35.11,1.151
South Korea,KOR,1968,37.2,1.193
South Korea,KOR,1969,42.47,1.333
South Korea,KOR,1970,53.72,1.651
South Korea,KOR,1971,58.53,1.761
South Korea,KOR,1972,60.25,1.775
South Korea,KOR,1973,72.97,2.108
South Korea,KOR,1974,75.55,2.141
South Korea,KOR,1975,81.67,2.276
South Korea,KOR,1976,93.1,2.559
South Korea,KOR,1977,105.46,2.862
South Korea,KOR,1978,113.12,3.034
South Korea,KOR,1979,132.87,3.523
South Korea,KOR,1980,134.52,3.527
South Korea,KOR,1981,139.59,3.608
South Korea,KOR,1982,140.78,3.577
South Korea,KOR,1983,149.13,3.728
South Korea,KOR,1984,160.7,3.958
South Korea,KOR,1985,168.76,4.101
South Korea,KOR,1986,176.3,4.226
South Korea,KOR,1987,185.36,4.38
South Korea,KOR,1988,210.95,4.915
South Korea,KOR,1989,223.51,5.135
South Korea,KOR,1990,250.51,5.683
South Korea,KOR,1991,275.69,6.204
South Korea,KOR,1992,299.91,6.716
South Korea,KOR,1993,330.17,7.356
South Korea,KOR,1994,355.69,7.881
South Korea,KOR,1995,383.67,8.457
South Korea,KOR,1996,421.0,9.225
South Korea,KOR,1997,444.97,9.686
South Korea,KOR,1998,378.04,8.177
South Korea,KOR,1999,410.52,8.828
South Korea,KOR,2000,439.98,9.408
South Korea,KOR,2001,455.63,9.685
South Korea,KOR,2002,476.06,10.065
South Korea,KOR,2003,485.21,10.212
South Korea,KOR,2004,491.39,10.302
South Korea,KOR,2005,498.69,10.422
South Korea,KOR,2006,503.48,10.488
South Korea,KOR,2007,521.71,10.829
South Korea,KOR,2008,532.65,11.015
South Korea,KOR,2009,537.82,11.078
South Korea,KOR,2010,594.34,12.187
South Korea,KOR,2011,623.44,12.69
South Korea,KOR,2012,627.94,12.66
South Korea,KOR,2013,634.58,12.674
South Korea,KOR,2014,629.37,12.453
South Korea,KOR,2015,634.18,12.439
South Korea,KOR,2016,637.91,12.435
South Korea,KOR,2017,654.54,12.713
South Korea,KOR,2018,670.17,12.977
South Korea,KOR,2019,646.1,12.481
South Korea,KOR,2020,597.63,11.524
South Korea,KOR,2021,616.08,11.882
South Korea,KOR,2022,606.88,11.72
South Korea,KOR,2023,589.18,11.385
South Korea,KOR,2024,583.68,11.286
Indonesia,IDN,1889,0.0,0.0
Indonesia,IDN,1890,0.01,0.0
Indonesia,IDN,1891,0.02,0.001
Indonesia,IDN,1892,0.19,0.006
Indonesia,IDN,1893,0.4,0.012
Indonesia,IDN,1894,0.48,0.014
Indonesia,IDN,1895,0.77,0.021
Indonesia,IDN,1896,0.86,0.024
Indonesia,IDN,1897,1.11,0.03
Indonesia,IDN,1898,1.29,0.035
Indonesia,IDN,1899,1.12,0.03
Indonesia,IDN,1900,1.21,0.032
Indonesia,IDN,1901,2.24,0.058
Indonesia,IDN,1902,1.54,0.039
Indonesia,IDN,1903,3.0,0.076
Indonesia,IDN,1904,3.37,0.084
Indonesia,IDN,1905,4.13,0.102
Indonesia,IDN,1906,4.45,0.109
Indonesia,IDN,1907,5.29,0.128
Indonesia,IDN,1908,5.49,0.131
Indonesia,IDN,1909,5.99,0.141
Indonesia,IDN,1910,6.11,0.143
Indonesia,IDN,1911,6.73,0.156
Indonesia,IDN,1912,5.84,0.134
Indonesia,IDN,1913,5.9,0.134
Indonesia,IDN,1914,6.02,0.135
Indonesia,IDN,1915,6.03,0.134
Indonesia,IDN,1916,6.76,0.149
Indonesia,IDN,1917,7.14,0.156
Indonesia,IDN,1918,7.13,0.154
Indonesia,IDN,1919,7.64,0.163
Indonesia,IDN,1920,8.26,0.175
Indonesia,IDN,1921,8.76,0.183
Indonesia,IDN,1922,8.3,0.171
Indonesia,IDN,1923,9.59,0.195
Indonesia,IDN,1924,10.59,0.213
Indonesia,IDN,1925,11.08,0.221
Indonesia,IDN,1926,11.1,0.218
Indonesia,IDN,1927,12.89,0.25
Indonesia,IDN,1928,14.83,0.285
Indonesia,IDN,1929,18.54,0.352
Indonesia,IDN,1930,18.08,0.339
Indonesia,IDN,1931,16.89,0.312
Indonesia,IDN,1932,16.59,0.302
Indonesia,IDN,1933,17.86,0.32
Indonesia,IDN,1934,19.24,0.34
Indonesia,IDN,1935,20.0,0.348
Indonesia,IDN,1936,21.77,0.374
Indonesia,IDN,1937,25.34,0.429
Indonesia,IDN,1938,26.73,0.445
Indonesia,IDN,1939,29.2,0.479
Indonesia,IDN,1940,28.73,0.465
Indonesia,IDN,1941,26.49,0.422
Indonesia,IDN,1942,9.46,0.148
Indonesia,IDN,1943,19.03,0.295
Indonesia,IDN,1944,8.77,0.136
Indonesia,IDN,1945,3.81,0.059
Indonesia,IDN,1946,1.34,0.021
Indonesia,IDN,1947,4.06,0.061
Indonesia,IDN,1948,15.49,0.23
Indonesia,IDN,1949,21.9,0.32
Indonesia,IDN,1950,9.83,0.143
Indonesia,IDN,1951,9.39,0.134
Indonesia,IDN,1952,12.72,0.177
Indonesia,IDN,1953,13.08,0.178
Indonesia,IDN,1954,14.75,0.196
Indonesia,IDN,1955,20.84,0.27
Indonesia,IDN,1956,21.81,0.275
Indonesia,IDN,1957,22.41,0.275
Indonesia,IDN,1958,22.21,0.266
Indonesia,IDN,1959,23.86,0.278
Indonesia,IDN,1960,21.39,0.242
Indonesia,IDN,1961,26.0,0.286
Indonesia,IDN,1962,22.97,0.246
Indonesia,IDN,1963,22.76,0.237
Indonesia,IDN,1964,22.37,0.226
Indonesia,IDN,1965,24.67,0.243
Indonesia,IDN,1966,23.37,0.225
Indonesia,IDN,1967,24.54,0.23
Indonesia,IDN,1968,27.56,0.252
Indonesia,IDN,1969,33.36,0.297
Indonesia,IDN,1970,35.79,0.309
Indonesia,IDN,1971,38.96,0.328
Indonesia,IDN,1972,43.31,0.355
Indonesia,IDN,1973,49.1,0.392
Indonesia,IDN,1974,51.23,0.398
Indonesia,IDN,1975,53.93,0.409
Indonesia,IDN,1976,61.78,0.457
Indonesia,IDN,1977,82.41,0.595
Indonesia,IDN,1978,93.93,0.662
Indonesia,IDN,1979,95.12,0.654
Indonesia,IDN,1980,94.85,0.637
Indonesia,IDN,1981,100.27,0.658
Indonesia,IDN,1982,105.55,0.676
Indonesia,IDN,1983,105.15,0.659
Indonesia,IDN,1984,112.42,0.689
Indonesia,IDN,1985,121.55,0.729
Indonesia,IDN,1986,122.11,0.718
Indonesia,IDN,1987,123.81,0.714
Indonesia,IDN,1988,132.65,0.75
Indonesia,IDN,1989,131.59,0.73
Indonesia,IDN,1990,154.99,0.845
Indonesia,IDN,1991,174.75,0.936
Indonesia,IDN,1992,199.3,1.049
Indonesia,IDN,1993,214.96,1.112
Indonesia,IDN,1994,219.2,1.115
Indonesia,IDN,1995,222.23,1.112
Indonesia,IDN,1996,252.86,1.244
Indonesia,IDN,1997,279.7,1.354
Indonesia,IDN,1998,244.32,1.164
Indonesia,IDN,1999,291.77,1.37
Indonesia,IDN,2000,281.05,1.301
Indonesia,IDN,2001,316.76,1.446
Indonesia,IDN,2002,308.2,1.388
Indonesia,IDN,2003,339.02,1.506
Indonesia,IDN,2004,342.71,1.504
Indonesia,IDN,2005,347.36,1.505
Indonesia,IDN,2006,346.37,1.481
Indonesia,IDN,2007,387.58,1.635
Indonesia,IDN,2008,365.38,1.521
Indonesia,IDN,2009,398.62,1.639
Indonesia,IDN,2010,445.37,1.808
Indonesia,IDN,2011,500.46,2.006
Indonesia,IDN,2012,515.77,2.041
Indonesia,IDN,2013,493.44,1.929
Indonesia,IDN,2014,498.03,1.924
Indonesia,IDN,2015,551.16,2.105
Indonesia,IDN,2016,547.97,2.071
Indonesia,IDN,2017,570.93,2.136
Indonesia,IDN,2018,607.38,2.25
Indonesia,IDN,2019,665.05,2.441
Indonesia,IDN,2020,623.3,2.268
Indonesia,IDN,2021,632.95,2.287
Indonesia,IDN,2022,758.02,2.719
Indonesia,IDN,2023,762.36,2.711
Indonesia,IDN,2024,812.22,2.865
Vietnam,VNM,1892,0.21,0.019
Vietnam,VNM,1893,0.66,0.059
Vietnam,VNM,1894,0.3,0.027
Vietnam,VNM,1895,0.18,0.016
Vietnam,VNM,1896,0.36,0.032
Vietnam,VNM,1897,0.52,0.046
Vietnam,VNM,1898,0.66,0.058
Vietnam,VNM,1899,0.73,0.064
Vietnam,VNM,1900,0.51,0.043
Vietnam,VNM,1901,0.5,0.041
Vietnam,VNM,1902,0.4,0.031
Vietnam,VNM,1903,0.56,0.042
Vietnam,VNM,1904,0.8,0.057
Vietnam,VNM,1905,0.79,0.053
Vietnam,VNM,1906,0.84,0.053
Vietnam,VNM,1907,0.85,0.051
Vietnam,VNM,1908,0.92,0.053
Vietnam,VNM,1909,1.02,0.056
Vietnam,VNM,1910,1.32,0.071
Vietnam,VNM,1911,1.16,0.061
Vietnam,VNM,1912,1.14,0.06
Vietnam,VNM,1913,1.35,0.071
Vietnam,VNM,1914,1.65,0.087
Vietnam,VNM,1915,1.71,0.091
Vietnam,VNM,1916,1.82,0.097
Vietnam,VNM,1917,1.74,0.093
Vietnam,VNM,1918,1.69,0.091
Vietnam,VNM,1919,1.77,0.096
Vietnam,VNM,1920,1.86,0.101
Vietnam,VNM,1921,2.44,0.133
Vietnam,VNM,1922,2.63,0.144
Vietnam,VNM,1923,2.8,0.154
Vietnam,VNM,1924,3.28,0.181
Vietnam,VNM,1925,3.62,0.201
Vietnam,VNM,1926,3.42,0.191
Vietnam,VNM,1927,3.96,0.222
Vietnam,VNM,1928,5.3,0.298
Vietnam,VNM,1929,5.32,0.301
Vietnam,VNM,1930,5.27,0.298
Vietnam,VNM,1931,4.66,0.262
Vietnam,VNM,1932,4.63,0.259
Vietnam,VNM,1933,4.28,0.238
Vietnam,VNM,1934,4.28,0.237
Vietnam,VNM,1935,4.76,0.261
Vietnam,VNM,1936,5.87,0.32
Vietnam,VNM,1937,6.24,0.338
Vietnam,VNM,1938,6.35,0.342
Vietnam,VNM,1939,7.09,0.377
Vietnam,VNM,1940,6.77,0.354
Vietnam,VNM,1941,6.33,0.324
Vietnam,VNM,1942,3.38,0.169
Vietnam,VNM,1943,2.77,0.135
Vietnam,VNM,1944,1.43,0.067
Vietnam,VNM,1945,0.62,0.028
Vietnam,VNM,1946,0.71,0.032
Vietnam,VNM,1947,0.71,0.031
Vietnam,VNM,1948,1.0,0.042
Vietnam,VNM,1949,1.08,0.044
Vietnam,VNM,1950,1.48,0.059
Vietnam,VNM,1951,1.29,0.05
Vietnam,VNM,1952,1.86,0.071
Vietnam,VNM,1953,1.75,0.065
Vietnam,VNM,1954,2.67,0.097
Vietnam,VNM,1955,3.52,0.125
Vietnam,VNM,1956,2.91,0.101
Vietnam,VNM,1957,2.88,0.097
Vietnam,VNM,1958,5.01,0.164
Vietnam,VNM,1959,6.6,0.209
Vietnam,VNM,1960,7.48,0.23
Vietnam,VNM,1961,7.98,0.239
Vietnam,VNM,1962,9.34,0.272
Vietnam,VNM,1963,9.11,0.258
Vietnam,VNM,1964,11.79,0.326
Vietnam,VNM,1965,13.15,0.354
Vietnam,VNM,1966,19.18,0.504
Vietnam,VNM,1967,22.96,0.59
Vietnam,VNM,1968,23.6,0.594
Vietnam,VNM,1969,27.06,0.667
Vietnam,VNM,1970,28.17,0.679
Vietnam,VNM,1971,24.5,0.577
Vietnam,VNM,1972,23.03,0.53
Vietnam,VNM,1973,25.07,0.564
Vietnam,VNM,1974,19.06,0.42
Vietnam,VNM,1975,21.77,0.468
Vietnam,VNM,1976,13.9,0.291
Vietnam,VNM,1977,15.25,0.311
Vietnam,VNM,1978,15.39,0.306
Vietnam,VNM,1979,16.25,0.316
Vietnam,VNM,1980,16.79,0.32
Vietnam,VNM,1981,17.7,0.329
Vietnam,VNM,1982,18.34,0.333
Vietnam,VNM,1983,19.27,0.342
Vietnam,VNM,1984,17.5,0.303
Vietnam,VNM,1985,21.1,0.357
Vietnam,VNM,1986,20.58,0.341
Vietnam,VNM,1987,23.3,0.378
Vietnam,VNM,1988,23.07,0.367
Vietnam,VNM,1989,17.4,0.271
Vietnam,VNM,1990,21.3,0.325
Vietnam,VNM,1991,21.38,0.32
Vietnam,VNM,1992,21.47,0.314
Vietnam,VNM,1993,22.85,0.328
Vietnam,VNM,1994,27.36,0.386
Vietnam,VNM,1995,30.09,0.418
Vietnam,VNM,1996,35.48,0.485
Vietnam,VNM,1997,45.5,0.613
Vietnam,VNM,1998,47.87,0.636
Vietnam,VNM,1999,48.55,0.636
Vietnam,VNM,2000,53.94,0.699
Vietnam,VNM,2001,60.98,0.782
Vietnam,VNM,2002,69.53,0.883
Vietnam,VNM,2003,77.26,0.971
Vietnam,VNM,2004,88.94,1.107
Vietnam,VNM,2005,95.84,1.182
Vietnam,VNM,2006,99.66,1.213
Vietnam,VNM,2007,101.43,1.213
Vietnam,VNM,2008,114.3,1.342
Vietnam,VNM,2009,124.49,1.44
Vietnam,VNM,2010,139.56,1.596
Vietnam,VNM,2011,152.56,1.725
Vietnam,VNM,2012,144.29,1.612
Vietnam,VNM,2013,151.46,1.672
Vietnam,VNM,2014,180.05,1.964
Vietnam,VNM,2015,213.39,2.299
Vietnam,VNM,2016,221.03,2.351
Vietnam,VNM,2017,227.69,2.392
Vietnam,VNM,2018,255.47,2.655
Vietnam,VNM,2019,339.31,3.492
Vietnam,VNM,2020,362.6,3.697
Vietnam,VNM,2021,314.2,3.176
Vietnam,VNM,2022,322.65,3.237
Vietnam,VNM,2023,347.4,3.462
Vietnam,VNM,2024,370.93,3.673
Thailand,THA,1931,0.03,0.002
Thailand,THA,1932,0.03,0.002
Thailand,THA,1933,0.02,0.002
Thailand,THA,1934,0.03,0.002
Thailand,THA,1935,0.03,0.002
Thailand,THA,1936,0.03,0.002
Thailand,THA,1937,0.04,0.002
Thailand,THA,1938,0.04,0.003
Thailand,THA,1939,0.05,0.003
Thailand,THA,1940,0.06,0.004
Thailand,THA,1941,0.06,0.004
Thailand,THA,1943,0.03,0.002
Thailand,THA,1944,0.01,0.001
Thailand,THA,1947,0.03,0.002
Thailand,THA,1948,0.04,0.002
Thailand,THA,1949,0.06,0.003
Thailand,THA,1950,0.96,0.047
Thailand,THA,1951,1.09,0.052
Thailand,THA,1952,1.28,0.059
Thailand,THA,1953,1.64,0.074
Thailand,THA,1954,2.05,0.09
Thailand,THA,1955,2.37,0.102
Thailand,THA,1956,2.62,0.109
Thailand,THA,1957,2.92,0.118
Thailand,THA,1958,3.02,0.119
Thailand,THA,1959,3.32,0.127
Thailand,THA,1960,3.71,0.138
Thailand,THA,1961,4.14,0.15
Thailand,THA,1962,5.03,0.177
Thailand,THA,1963,5.56,0.19
Thailand,THA,1964,7.47,0.247
Thailand,THA,1965,7.44,0.239
Thailand,THA,1966,9.47,0.295
Thailand,THA,1967,12.16,0.368
Thailand,THA,1968,17.08,0.502
Thailand,THA,1969,14.55,0.416
Thailand,THA,1970,15.36,0.427
Thailand,THA,1971,19.21,0.52
Thailand,THA,1972,21.77,0.574
Thailand,THA,1973,24.36,0.625
Thailand,THA,1974,24.12,0.604
Thailand,THA,1975,24.25,0.592
Thailand,THA,1976,28.56,0.682
Thailand,THA,1977,31.88,0.744
Thailand,THA,1978,34.76,0.794
Thailand,THA,1979,36.4,0.814
Thailand,THA,1980,39.75,0.871
Thailand,THA,1981,37.54,0.806
Thailand,THA,1982,37.36,0.787
Thailand,THA,1983,41.78,0.863
Thailand,THA,1984,45.15,0.915
Thailand,THA,1985,47.87,0.952
Thailand,THA,1986,48.97,0.957
Thailand,THA,1987,53.81,1.033
Thailand,THA,1988,60.73,1.147
Thailand,THA,1989,71.7,1.331
Thailand,THA,1990,86.56,1.581
Thailand,THA,1991,95.04,1.708
Thailand,THA,1992,105.51,1.867
Thailand,THA,1993,121.86,2.123
Thailand,THA,1994,136.87,2.349
Thailand,THA,1995,153.65,2.6
Thailand,THA,1996,173.57,2.897
Thailand,THA,1997,181.2,2.984
Thailand,THA,1998,159.7,2.596
Thailand,THA,1999,167.23,2.684
Thailand,THA,2000,167.35,2.656
Thailand,THA,2001,172.27,2.706
Thailand,THA,2002,184.67,2.873
Thailand,THA,2003,191.09,2.946
Thailand,THA,2004,207.33,3.168
Thailand,THA,2005,214.33,3.246
Thailand,THA,2006,215.82,3.242
Thailand,THA,2007,224.08,3.339
Thailand,THA,2008,224.25,3.316
Thailand,THA,2009,228.84,3.359
Thailand,THA,2010,241.02,3.514
Thailand,THA,2011,244.88,3.549
Thailand,THA,2012,262.35,3.778
Thailand,THA,2013,263.75,3.776
Thailand,THA,2014,272.49,3.881
Thailand,THA,2015,277.1,3.928
Thailand,THA,2016,284.05,4.009
Thailand,THA,2017,283.35,3.982
Thailand,THA,2018,288.3,4.039
Thailand,THA,2019,281.88,3.941
Thailand,THA,2020,271.92,3.796
Thailand,THA,2021,267.14,3.724
Thailand,THA,2022,272.57,3.8
Thailand,THA,2023,264.73,3.692
Thailand,THA,2024,267.76,3.736
Malaysia,MYS,1890,0.01,0.005
Malaysia,MYS,1891,0.02,0.012
Malaysia,MYS,1892,0.05,0.029
Malaysia,MYS,1893,0.01,0.007
Malaysia,MYS,1894,0.05,0.028
Malaysia,MYS,1895,0.11,0.062
Malaysia,MYS,1896,0.12,0.068
Malaysia,MYS,1897,0.09,0.048
Malaysia,MYS,1898,0.13,0.065
Malaysia,MYS,1899,0.12,0.059
Malaysia,MYS,1900,0.06,0.028
Malaysia,MYS,1901,0.05,0.022
Malaysia,MYS,1902,0.05,0.023
Malaysia,MYS,1903,0.05,0.023
Malaysia,MYS,1904,0.03,0.014
Malaysia,MYS,1905,0.04,0.017
Malaysia,MYS,1906,0.04,0.015
Malaysia,MYS,1907,0.09,0.035
Malaysia,MYS,1908,0.09,0.036
Malaysia,MYS,1909,0.17,0.064
Malaysia,MYS,1910,0.23,0.087
Malaysia,MYS,1912,0.02,0.007
Malaysia,MYS,1913,0.06,0.022
Malaysia,MYS,1914,0.15,0.05
Malaysia,MYS,1915,0.21,0.069
Malaysia,MYS,1916,0.55,0.182
Malaysia,MYS,1917,0.65,0.212
Malaysia,MYS,1918,0.67,0.213
Malaysia,MYS,1919,0.77,0.24
Malaysia,MYS,1920,1.11,0.339
Malaysia,MYS,1921,1.41,0.423
Malaysia,MYS,1922,2.0,0.586
Malaysia,MYS,1923,2.58,0.739
Malaysia,MYS,1924,2.51,0.702
Malaysia,MYS,1925,2.96,0.812
Malaysia,MYS,1926,3.4,0.911
Malaysia,MYS,1927,3.38,0.886
Malaysia,MYS,1928,3.81,0.977
Malaysia,MYS,1929,4.11,1.033
Malaysia,MYS,1930,3.67,0.902
Malaysia,MYS,1931,2.71,0.651
Malaysia,MYS,1932,1.8,0.423
Malaysia,MYS,1933,1.59,0.367
Malaysia,MYS,1934,1.73,0.392
Malaysia,MYS,1935,1.81,0.4
Malaysia,MYS,1936,2.05,0.444
Malaysia,MYS,1937,2.34,0.498
Malaysia,MYS,1938,1.91,0.398
Malaysia,MYS,1939,1.7,0.347
Malaysia,MYS,1940,2.57,0.514
Malaysia,MYS,1941,2.18,0.429
Malaysia,MYS,1942,0.66,0.127
Malaysia,MYS,1943,1.32,0.25
Malaysia,MYS,1944,1.1,0.206
Malaysia,MYS,1945,0.61,0.112
Malaysia,MYS,1946,0.6,0.109
Malaysia,MYS,1947,0.69,0.121
Malaysia,MYS,1948,1.19,0.207
Malaysia,MYS,1949,1.22,0.209
Malaysia,MYS,1950,3.66,0.599
Malaysia,MYS,1951,5.22,0.834
Malaysia,MYS,1952,6.37,0.992
Malaysia,MYS,1953,6.5,0.986
Malaysia,MYS,1954,7.0,1.034
Malaysia,MYS,1955,7.43,1.067
Malaysia,MYS,1956,7.56,1.057
Malaysia,MYS,1957,3.51,0.477
Malaysia,MYS,1958,3.83,0.507
Malaysia,MYS,1959,3.18,0.41
Malaysia,MYS,1960,4.2,0.528
Malaysia,MYS,1961,4.68,0.574
Malaysia,MYS,1962,4.78,0.57
Malaysia,MYS,1963,5.83,0.678
Malaysia,MYS,1964,7.4,0.838
Malaysia,MYS,1965,8.38,0.925
Malaysia,MYS,1966,9.83,1.059
Malaysia,MYS,1967,10.13,1.065
Malaysia,MYS,1968,10.53,1.083
Malaysia,MYS,1969,9.14,0.919
Malaysia,MYS,1970,14.59,1.433
Malaysia,MYS,1971,16.66,1.599
Malaysia,MYS,1972,17.9,1.677
Malaysia,MYS,1973,17.51,1.601
Malaysia,MYS,1974,19.04,1.7
Malaysia,MYS,1975,19.45,1.695
Malaysia,MYS,1976,23.9,2.034
Malaysia,MYS,1977,22.62,1.879
Malaysia,MYS,1978,23.26,1.887
Malaysia,MYS,1979,27.31,2.162
Malaysia,MYS,1980,28.03,2.159
Malaysia,MYS,1981,30.88,2.304
Malaysia,MYS,1982,30.64,2.215
Malaysia,MYS,1983,38.05,2.663
Malaysia,MYS,1984,34.79,2.358
Malaysia,MYS,1985,36.33,2.382
Malaysia,MYS,1986,40.1,2.544
Malaysia,MYS,1987,40.88,2.511
Malaysia,MYS,1988,42.87,2.552
Malaysia,MYS,1989,50.08,2.893
Malaysia,MYS,1990,54.27,3.043
Malaysia,MYS,1991,65.79,3.586
Malaysia,MYS,1992,72.96,3.874
Malaysia,MYS,1993,86.61,4.482
Malaysia,MYS,1994,87.5,4.415
Malaysia,MYS,1995,109.6,5.391
Malaysia,MYS,1996,110.11,5.281
Malaysia,MYS,1997,118.47,5.542
Malaysia,MYS,1998,109.78,5.011
Malaysia,MYS,1999,103.99,4.635
Malaysia,MYS,2000,122.88,5.35
Malaysia,MYS,2001,130.89,5.564
Malaysia,MYS,2002,132.04,5.478
Malaysia,MYS,2003,153.38,6.215
Malaysia,MYS,2004,169.67,6.718
Malaysia,MYS,2005,169.98,6.579
Malaysia,MYS,2006,170.17,6.441
Malaysia,MYS,2007,175.45,6.499
Malaysia,MYS,2008,192.85,6.995
Malaysia,MYS,2009,192.12,6.831
Malaysia,MYS,2010,199.35,6.957
Malaysia,MYS,2011,203.45,6.977
Malaysia,MYS,2012,212.99,7.18
Malaysia,MYS,2013,241.67,8.009
Malaysia,MYS,2014,245.05,7.983
Malaysia,MYS,2015,235.94,7.554
Malaysia,MYS,2016,237.29,7.464
Malaysia,MYS,2017,244.46,7.555
Malaysia,MYS,2018,262.65,7.981
Malaysia,MYS,2019,277.67,8.303
Malaysia,MYS,2020,262.16,7.736
Malaysia,MYS,2021,273.33,7.973
Malaysia,MYS,2022,281.88,8.125
Malaysia,MYS,2023,276.3,7.866
Malaysia,MYS,2024,290.22,8.162
Philippines,PHL,1907,0.01,0.001
Philippines,PHL,1908,0.02,0.002
Philippines,PHL,1909,0.05,0.007
Philippines,PHL,1910,0.05,0.007
Philippines,PHL,1911,0.04,0.005
Philippines,PHL,1912,0.0,0.0
Philippines,PHL,1913,0.01,0.001
Philippines,PHL,1914,0.02,0.002
Philippines,PHL,1915,0.05,0.006
Philippines,PHL,1916,0.05,0.006
Philippines,PHL,1917,0.01,0.001
Philippines,PHL,1918,0.03,0.003
Philippines,PHL,1919,0.06,0.006
Philippines,PHL,1920,0.1,0.011
Philippines,PHL,1921,0.07,0.007
Philippines,PHL,1922,0.08,0.008
Philippines,PHL,1923,0.08,0.008
Philippines,PHL,1924,0.08,0.008
Philippines,PHL,1925,0.08,0.008
Philippines,PHL,1926,0.05,0.005
Philippines,PHL,1927,0.04,0.004
Philippines,PHL,1928,0.08,0.007
Philippines,PHL,1929,0.07,0.006
Philippines,PHL,1930,0.09,0.008
Philippines,PHL,1931,0.08,0.007
Philippines,PHL,1932,0.09,0.007
Philippines,PHL,1933,0.08,0.006
Philippines,PHL,1934,0.09,0.007
Philippines,PHL,1935,0.1,0.008
Philippines,PHL,1936,0.12,0.009
Philippines,PHL,1937,0.12,0.009
Philippines,PHL,1938,0.16,0.011
Philippines,PHL,1939,0.08,0.006
Philippines,PHL,1940,0.11,0.008
Philippines,PHL,1941,0.09,0.006
Philippines,PHL,1945,0.01,0.001
Philippines,PHL,1946,0.11,0.007
Philippines,PHL,1947,0.2,0.012
Philippines,PHL,1948,0.22,0.012
Philippines,PHL,1949,0.32,0.018
Philippines,PHL,1950,3.6,0.191
Philippines,PHL,1951,3.55,0.182
Philippines,PHL,1952,4.05,0.199
Philippines,PHL,1953,4.03,0.191
Philippines,PHL,1954,5.33,0.242
Philippines,PHL,1955,6.62,0.289
Philippines,PHL,1956,6.25,0.262
Philippines,PHL,1957,6.73,0.271
Philippines,PHL,1958,7.56,0.293
Philippines,PHL,1959,7.23,0.269
Philippines,PHL,1960,8.33,0.298
Philippines,PHL,1961,8.71,0.303
Philippines,PHL,1962,10.34,0.348
Philippines,PHL,1963,11.47,0.374
Philippines,PHL,1964,12.82,0.405
Philippines,PHL,1965,13.96,0.428
Philippines,PHL,1966,16.1,0.479
Philippines,PHL,1967,18.21,0.526
Philippines,PHL,1968,22.22,0.624
Philippines,PHL,1969,22.83,0.623
Philippines,PHL,1970,24.75,0.658
Philippines,PHL,1971,27.55,0.715
Philippines,PHL,1972,26.41,0.67
Philippines,PHL,1973,31.5,0.782
Philippines,PHL,1974,30.49,0.741
Philippines,PHL,1975,32.48,0.771
Philippines,PHL,1976,35.06,0.812
Philippines,PHL,1977,36.66,0.826
Philippines,PHL,1978,37.36,0.82
Philippines,PHL,1979,38.01,0.812
Philippines,PHL,1980,36.84,0.767
Philippines,PHL,1981,34.49,0.699
Philippines,PHL,1982,34.8,0.686
Philippines,PHL,1983,35.19,0.674
Philippines,PHL,1984,30.78,0.573
Philippines,PHL,1985,27.86,0.505
Philippines,PHL,1986,28.97,0.511
Philippines,PHL,1987,32.44,0.558
Philippines,PHL,1988,37.41,0.626
Philippines,PHL,1989,38.83,0.634
Philippines,PHL,1990,40.77,0.649
Philippines,PHL,1991,42.87,0.666
Philippines,PHL,1992,47.77,0.725
Philippines,PHL,1993,48.34,0.716
Philippines,PHL,1994,53.48,0.775
Philippines,PHL,1995,59.22,0.839
Philippines,PHL,1996,60.44,0.837
Philippines,PHL,1997,69.15,0.936
Philippines,PHL,1998,67.38,0.889
Philippines,PHL,1999,67.3,0.865
Philippines,PHL,2000,71.47,0.898
Philippines,PHL,2001,69.8,0.857
Philippines,PHL,2002,69.49,0.837
Philippines,PHL,2003,69.5,0.82
Philippines,PHL,2004,72.0,0.833
Philippines,PHL,2005,72.33,0.822
Philippines,PHL,2006,65.65,0.733
Philippines,PHL,2007,70.01,0.769
Philippines,PHL,2008,76.61,0.826
Philippines,PHL,2009,75.58,0.801
Philippines,PHL,2010,82.25,0.854
Philippines,PHL,2011,82.98,0.845
Philippines,PHL,2012,87.48,0.873
Philippines,PHL,2013,94.83,0.929
Philippines,PHL,2014,100.07,0.964
Philippines,PHL,2015,111.05,1.054
Philippines,PHL,2016,120.22,1.126
Philippines,PHL,2017,133.58,1.235
Philippines,PHL,2018,139.86,1.278
Philippines,PHL,2019,142.6,1.287
Philippines,PHL,2020,131.46,1.173
Philippines,PHL,2021,140.27,1.24
Philippines,PHL,2022,150.96,1.325
Philippines,PHL,2023,160.98,1.401
Philippines,PHL,2024,174.88,1.51
Singapore,SGP,1950,1.91,1.889
Singapore,SGP,1951,2.83,2.646
Singapore,SGP,1952,3.44,3.056
Singapore,SGP,1953,3.48,2.932
Singapore,SGP,1954,3.77,3.012
Singapore,SGP,1955,4.05,3.07
Singapore,SGP,1956,4.1,2.945
Singapore,SGP,1957,1.73,1.186
Singapore,SGP,1958,2.3,1.516
Singapore,SGP,1959,1.8,1.148
Singapore,SGP,1960,1.39,0.86
Singapore,SGP,1961,2.09,1.252
Singapore,SGP,1962,2.51,1.46
Singapore,SGP,1963,3.3,1.864
Singapore,SGP,1964,3.6,1.977
Singapore,SGP,1965,2.43,1.297
Singapore,SGP,1966,0.48,0.25
Singapore,SGP,1967,2.82,1.435
Singapore,SGP,1968,5.13,2.554
Singapore,SGP,1969,6.89,3.357
Singapore,SGP,1970,17.83,8.526
Singapore,SGP,1971,16.28,7.647
Singapore,SGP,1972,21.72,10.035
Singapore,SGP,1973,20.69,9.404
Singapore,SGP,1974,21.43,9.587
Singapore,SGP,1975,23.86,10.519
Singapore,SGP,1976,29.34,12.751
Singapore,SGP,1977,27.61,11.843
Singapore,SGP,1978,32.46,13.752
Singapore,SGP,1979,35.42,14.831
Singapore,SGP,1980,30.43,12.485
Singapore,SGP,1981,25.71,10.153
Singapore,SGP,1982,28.38,10.802
Singapore,SGP,1983,33.4,12.434
Singapore,SGP,1984,31.97,11.749
Singapore,SGP,1985,32.4,11.845
Singapore,SGP,1986,34.1,12.424
Singapore,SGP,1987,31.81,11.436
Singapore,SGP,1988,35.28,12.383
Singapore,SGP,1989,41.0,13.953
Singapore,SGP,1990,43.54,14.323
Singapore,SGP,1991,44.24,14.104
Singapore,SGP,1992,47.44,14.704
Singapore,SGP,1993,49.66,14.968
Singapore,SGP,1994,60.09,17.58
Singapore,SGP,1995,40.55,11.474
Singapore,SGP,1996,48.01,13.102
Singapore,SGP,1997,56.74,14.944
Singapore,SGP,1998,47.41,12.153
Singapore,SGP,1999,49.2,12.404
Singapore,SGP,2000,37.37,9.261
Singapore,SGP,2001,38.53,9.359
Singapore,SGP,2002,40.21,9.696
Singapore,SGP,2003,39.53,9.553
Singapore,SGP,2004,41.0,9.826
Singapore,SGP,2005,39.6,9.278
Singapore,SGP,2006,40.6,9.212
Singapore,SGP,2007,41.1,8.942
Singapore,SGP,2008,40.2,8.363
Singapore,SGP,2009,40.8,8.212
Singapore,SGP,2010,44.4,8.745
Singapore,SGP,2011,47.0,9.069
Singapore,SGP,2012,46.1,8.709
Singapore,SGP,2013,47.0,8.727
Singapore,SGP,2014,47.6,8.721
Singapore,SGP,2015,49.4,8.941
Singapore,SGP,2016,49.1,8.803
Singapore,SGP,2017,50.1,8.94
Singapore,SGP,2018,50.3,8.927
Singapore,SGP,2019,49.0,8.643
Singapore,SGP,2020,46.7,8.309
Singapore,SGP,2021,50.1,9.033
Singapore,SGP,2022,48.93,8.661
Singapore,SGP,2023,51.07,8.821
Singapore,SGP,2024,53.92,9.245
Iran,IRN,1906,0.0,0.0
Iran,IRN,1911,0.14,0.012
Iran,IRN,1912,0.25,0.024
Iran,IRN,1913,0.85,0.081
Iran,IRN,1914,1.17,0.114
Iran,IRN,1915,1.4,0.139
Iran,IRN,1916,2.01,0.202
Iran,IRN,1917,2.8,0.288
Iran,IRN,1918,3.45,0.362
Iran,IRN,1919,4.32,0.458
Iran,IRN,1920,5.44,0.575
Iran,IRN,1921,7.25,0.758
Iran,IRN,1922,9.23,0.941
Iran,IRN,1923,11.58,1.142
Iran,IRN,1924,13.51,1.289
Iran,IRN,1925,14.2,1.31
Iran,IRN,1926,15.06,1.343
Iran,IRN,1927,16.7,1.441
Iran,IRN,1928,17.68,1.475
Iran,IRN,1929,17.02,1.378
Iran,IRN,1930,18.51,1.459
Iran,IRN,1931,17.92,1.379
Iran,IRN,1932,20.09,1.514
Iran,IRN,1933,22.09,1.636
Iran,IRN,1934,23.49,1.71
Iran,IRN,1935,23.34,1.669
Iran,IRN,1936,25.55,1.796
Iran,IRN,1937,31.69,2.188
Iran,IRN,1938,31.78,2.156
Iran,IRN,1939,30.05,2.008
Iran,IRN,1940,27.13,1.787
Iran,IRN,1941,20.82,1.355
Iran,IRN,1942,29.53,1.902
Iran,IRN,1943,30.46,1.945
Iran,IRN,1944,41.66,2.637
Iran,IRN,1945,52.9,3.32
Iran,IRN,1946,60.23,3.748
Iran,IRN,1947,63.47,3.915
Iran,IRN,1948,77.95,4.767
Iran,IRN,1949,8.13,0.491
Iran,IRN,1950,9.6,0.581
Iran,IRN,1951,6.91,0.409
Iran,IRN,1952,4.09,0.236
Iran,IRN,1953,3.83,0.215
Iran,IRN,1954,1.04,0.057
Iran,IRN,1955,15.81,0.846
Iran,IRN,1956,22.81,1.188
Iran,IRN,1957,21.8,1.105
Iran,IRN,1958,25.23,1.245
Iran,IRN,1959,25.57,1.227
Iran,IRN,1960,37.36,1.74
Iran,IRN,1961,36.51,1.65
Iran,IRN,1962,37.43,1.641
Iran,IRN,1963,41.3,1.756
Iran,IRN,1964,47.52,1.959
Iran,IRN,1965,53.72,2.146
Iran,IRN,1966,64.1,2.482
Iran,IRN,1967,67.88,2.549
Iran,IRN,1968,82.33,3.001
Iran,IRN,1969,83.04,2.937
Iran,IRN,1970,91.79,3.149
Iran,IRN,1971,101.63,3.384
Iran,IRN,1972,106.02,3.429
Iran,IRN,1973,129.48,4.066
Iran,IRN,1974,143.77,4.384
Iran,IRN,1975,139.21,4.118
Iran,IRN,1976,156.49,4.492
Iran,IRN,1977,163.81,4.559
Iran,IRN,1978,162.29,4.371
Iran,IRN,1979,163.14,4.246
Iran,IRN,1980,120.7,3.029
Iran,IRN,1981,113.27,2.698
Iran,IRN,1982,138.13,3.12
Iran,IRN,1983,150.03,3.259
Iran,IRN,1984,150.4,3.147
Iran,IRN,1985,160.49,3.237
Iran,IRN,1986,148.3,2.883
Iran,IRN,1987,159.34,2.988
Iran,IRN,1988,175.96,3.195
Iran,IRN,1989,191.11,3.37
Iran,IRN,1990,211.07,3.616
Iran,IRN,1991,223.04,3.718
Iran,IRN,1992,228.19,3.73
Iran,IRN,1993,236.99,3.86
Iran,IRN,1994,264.82,4.305
Iran,IRN,1995,270.88,4.355
Iran,IRN,1996,276.62,4.399
Iran,IRN,1997,269.26,4.231
Iran,IRN,1998,305.64,4.737
Iran,IRN,1999,374.45,5.722
Iran,IRN,2000,367.21,5.529
Iran,IRN,2001,389.91,5.781
Iran,IRN,2002,397.03,5.838
Iran,IRN,2003,410.97,5.976
Iran,IRN,2004,442.12,6.293
Iran,IRN,2005,466.8,6.499
Iran,IRN,2006,501.01,6.826
Iran,IRN,2007,507.77,6.806
Iran,IRN,2008,528.53,6.999
Iran,IRN,2009,543.41,7.107
Iran,IRN,2010,561.5,7.253
Iran,IRN,2011,576.37,7.353
Iran,IRN,2012,599.28,7.55
Iran,IRN,2013,610.0,7.586
Iran,IRN,2014,644.23,7.904
Iran,IRN,2015,641.96,7.77
Iran,IRN,2016,644.68,7.692
Iran,IRN,2017,696.41,8.19
Iran,IRN,2018,664.52,7.716
Iran,IRN,2019,727.27,8.354
Iran,IRN,2020,745.6,8.499
Iran,IRN,2021,779.53,8.813
Iran,IRN,2022,767.18,8.57
Iran,IRN,2023,789.68,8.715
Iran,IRN,2024,792.63,8.656
Saudi Arabia,SAU,1936,0.01,0.003
Saudi Arabia,SAU,1937,0.03,0.009
Saudi Arabia,SAU,1938,0.21,0.075
Saudi Arabia,SAU,1939,1.65,0.595
Saudi Arabia,SAU,1940,2.15,0.767
Saudi Arabia,SAU,1941,1.81,0.64
Saudi Arabia,SAU,1942,1.9,0.667
Saudi Arabia,SAU,1943,1.99,0.692
Saudi Arabia,SAU,1944,3.26,1.123
Saudi Arabia,SAU,1945,8.81,3.006
Saudi Arabia,SAU,1946,25.15,8.502
Saudi Arabia,SAU,1947,37.73,12.637
Saudi Arabia,SAU,1948,17.94,5.954
Saudi Arabia,SAU,1949,18.39,6.032
Saudi Arabia,SAU,1950,5.14,3.018
Saudi Arabia,SAU,1951,0.0,0.0
Saudi Arabia,SAU,1952,0.0,0.0
Saudi Arabia,SAU,1953,0.48,0.252
Saudi Arabia,SAU,1954,1.24,0.632
Saudi Arabia,SAU,1955,2.11,1.04
Saudi Arabia,SAU,1956,1.63,0.774
Saudi Arabia,SAU,1957,2.1,0.961
Saudi Arabia,SAU,1958,2.0,0.882
Saudi Arabia,SAU,1959,1.85,0.789
Saudi Arabia,SAU,1960,2.67,1.098
Saudi Arabia,SAU,1961,3.57,1.412
Saudi Arabia,SAU,1962,6.25,2.385
Saudi Arabia,SAU,1963,6.94,2.552
Saudi Arabia,SAU,1964,7.04,2.495
Saudi Arabia,SAU,1965,4.22,1.44
Saudi Arabia,SAU,1966,6.41,2.108
Saudi Arabia,SAU,1967,25.49,8.072
Saudi Arabia,SAU,1968,29.08,8.858
Saudi Arabia,SAU,1969,35.27,10.322
Saudi Arabia,SAU,1970,45.25,12.702
Saudi Arabia,SAU,1971,59.76,16.046
Saudi Arabia,SAU,1972,70.28,17.994
Saudi Arabia,SAU,1973,95.05,23.148
Saudi Arabia,SAU,1974,98.7,22.828
Saudi Arabia,SAU,1975,83.26,18.274
Saudi Arabia,SAU,1976,101.46,21.102
Saudi Arabia,SAU,1977,118.07,23.228
Saudi Arabia,SAU,1978,115.02,21.372
Saudi Arabia,SAU,1979,138.0,24.195
Saudi Arabia,SAU,1980,169.23,27.982
Saudi Arabia,SAU,1981,175.29,27.302
Saudi Arabia,SAU,1982,157.87,23.133
Saudi Arabia,SAU,1983,160.81,22.172
Saudi Arabia,SAU,1984,155.49,20.201
Saudi Arabia,SAU,1985,172.39,21.148
Saudi Arabia,SAU,1986,204.57,23.708
Saudi Arabia,SAU,1987,190.41,20.855
Saudi Arabia,SAU,1988,202.21,21.0
Saudi Arabia,SAU,1989,203.38,20.08
Saudi Arabia,SAU,1990,181.97,17.101
Saudi Arabia,SAU,1991,244.53,21.91
Saudi Arabia,SAU,1992,276.01,23.618
Saudi Arabia,SAU,1993,297.75,24.374
Saudi Arabia,SAU,1994,291.21,22.84
Saudi Arabia,SAU,1995,274.6,20.664
Saudi Arabia,SAU,1996,269.5,19.485
Saudi Arabia,SAU,1997,227.15,15.802
Saudi Arabia,SAU,1998,218.91,14.67
Saudi Arabia,SAU,1999,237.72,15.364
Saudi Arabia,SAU,2000,309.64,19.14
Saudi Arabia,SAU,2001,324.37,19.034
Saudi Arabia,SAU,2002,346.93,19.37
Saudi Arabia,SAU,2003,351.23,18.695
Saudi Arabia,SAU,2004,407.7,20.728
Saudi Arabia,SAU,2005,412.23,20.05
Saudi Arabia,SAU,2006,444.98,20.736
Saudi Arabia,SAU,2007,423.31,18.925
Saudi Arabia,SAU,2008,469.43,20.158
Saudi Arabia,SAU,2009,503.97,20.81
Saudi Arabia,SAU,2010,555.64,22.087
Saudi Arabia,SAU,2011,540.24,20.694
Saudi Arabia,SAU,2012,605.71,22.382
Saudi Arabia,SAU,2013,583.18,20.808
Saudi Arabia,SAU,2014,585.11,20.177
Saudi Arabia,SAU,2015,624.55,20.836
Saudi Arabia,SAU,2016,641.17,20.873
Saudi Arabia,SAU,2017,644.49,20.937
Saudi Arabia,SAU,2018,652.2,21.479
Saudi Arabia,SAU,2019,708.33,23.245
Saudi Arabia,SAU,2020,653.56,21.089
Saudi Arabia,SAU,2021,695.39,22.197
Saudi Arabia,SAU,2022,666.99,20.73
Saudi Arabia,SAU,2023,677.44,20.365
Saudi Arabia,SAU,2024,692.13,20.379
United Arab Emirates,ARE,1959,0.01,0.088
United Arab Emirates,ARE,1960,0.01,0.084
United Arab Emirates,ARE,1961,0.01,0.08
United Arab Emirates,ARE,1962,0.02,0.126
United Arab Emirates,ARE,1963,0.02,0.144
United Arab Emirates,ARE,1964,0.02,0.115
United Arab Emirates,ARE,1965,0.02,0.132
United Arab Emirates,ARE,1966,0.03,0.147
United Arab Emirates,ARE,1967,0.92,5.097
United Arab Emirates,ARE,1968,1.24,6.228
United Arab Emirates,ARE,1969,20.51,85.563
United Arab Emirates,ARE,1970,15.23,53.166
United Arab Emirates,ARE,1971,21.17,63.177
United Arab Emirates,ARE,1972,23.43,60.866
United Arab Emirates,ARE,1973,30.61,70.13
United Arab Emirates,ARE,1974,31.3,63.999
United Arab Emirates,ARE,1975,31.05,57.187
United Arab Emirates,ARE,1976,39.62,64.328
United Arab Emirates,ARE,1977,38.75,54.565
United Arab Emirates,ARE,1978,44.77,55.319
United Arab Emirates,ARE,1979,36.57,40.095
United Arab Emirates,ARE,1980,36.86,36.289
United Arab Emirates,ARE,1981,36.81,33.468
United Arab Emirates,ARE,1982,36.82,31.566
United Arab Emirates,ARE,1983,35.29,28.567
United Arab Emirates,ARE,1984,46.31,35.456
United Arab Emirates,ARE,1985,49.83,36.162
United Arab Emirates,ARE,1986,47.16,32.136
United Arab Emirates,ARE,1987,47.61,30.24
United Arab Emirates,ARE,1988,48.27,28.704
United Arab Emirates,ARE,1989,54.38,30.385
United Arab Emirates,ARE,1990,51.91,27.346
United Arab Emirates,ARE,1991,56.9,28.354
United Arab Emirates,ARE,1992,58.01,27.429
United Arab Emirates,ARE,1993,65.83,29.626
United Arab Emirates,ARE,1994,75.35,32.364
United Arab Emirates,ARE,1995,72.87,29.932
United Arab Emirates,ARE,1996,75.84,29.195
United Arab Emirates,ARE,1997,73.3,26.016
United Arab Emirates,ARE,1998,80.62,26.517
United Arab Emirates,ARE,1999,77.84,23.835
United Arab Emirates,ARE,2000,112.28,32.138
United Arab Emirates,ARE,2001,101.9,27.365
United Arab Emirates,ARE,2002,85.21,21.536
United Arab Emirates,ARE,2003,107.11,25.547
United Arab Emirates,ARE,2004,112.47,25.394
United Arab Emirates,ARE,2005,115.27,24.711
United Arab Emirates,ARE,2006,122.72,24.5
United Arab Emirates,ARE,2007,134.1,23.842
United Arab Emirates,ARE,2008,155.03,24.598
United Arab Emirates,ARE,2009,169.09,25.21
United Arab Emirates,ARE,2010,185.85,26.786
United Arab Emirates,ARE,2011,198.52,27.574
United Arab Emirates,ARE,2012,208.32,27.787
United Arab Emirates,ARE,2013,214.19,27.348
United Arab Emirates,ARE,2014,214.53,26.045
United Arab Emirates,ARE,2015,225.04,25.943
United Arab Emirates,ARE,2016,227.9,25.235
United Arab Emirates,ARE,2017,196.49,21.279
United Arab Emirates,ARE,2018,204.1,21.837
United Arab Emirates,ARE,2019,204.06,21.76
United Arab Emirates,ARE,2020,215.27,22.783
United Arab Emirates,ARE,2021,212.17,21.675
United Arab Emirates,ARE,2022,207.1,20.221
United Arab Emirates,ARE,2023,210.43,19.773
United Arab Emirates,ARE,2024,221.99,20.131
Qatar,QAT,1949,0.26,11.039
Qatar,QAT,1950,0.35,14.473
Qatar,QAT,1951,0.39,15.479
Qatar,QAT,1952,0.19,7.495
Qatar,QAT,1953,0.37,13.691
Qatar,QAT,1954,0.61,22.004
Qatar,QAT,1955,0.42,14.626
Qatar,QAT,1956,0.51,17.112
Qatar,QAT,1957,0.31,10.159
Qatar,QAT,1958,0.17,5.268
Qatar,QAT,1959,0.18,5.44
Qatar,QAT,1960,0.18,4.882
Qatar,QAT,1961,0.16,4.061
Qatar,QAT,1962,0.19,4.267
Qatar,QAT,1963,6.13,121.707
Qatar,QAT,1964,6.27,110.212
Qatar,QAT,1965,6.29,98.115
Qatar,QAT,1966,6.27,86.872
Qatar,QAT,1967,6.68,82.047
Qatar,QAT,1968,7.08,77.104
Qatar,QAT,1969,7.17,69.55
Qatar,QAT,1970,7.56,64.978
Qatar,QAT,1971,9.14,69.615
Qatar,QAT,1972,10.78,73.543
Qatar,QAT,1973,12.46,76.966
Qatar,QAT,1974,10.48,59.077
Qatar,QAT,1975,10.95,56.692
Qatar,QAT,1976,10.38,49.628
Qatar,QAT,1977,9.92,44.019
Qatar,QAT,1978,10.52,43.51
Qatar,QAT,1979,14.35,55.46
Qatar,QAT,1980,13.09,47.426
Qatar,QAT,1981,12.85,43.763
Qatar,QAT,1982,12.34,39.614
Qatar,QAT,1983,11.26,34.135
Qatar,QAT,1984,12.32,35.402
Qatar,QAT,1985,12.39,33.86
Qatar,QAT,1986,13.28,34.729
Qatar,QAT,1987,11.49,28.93
Qatar,QAT,1988,11.91,28.969
Qatar,QAT,1989,14.31,33.619
Qatar,QAT,1990,11.43,25.962
Qatar,QAT,1991,17.41,38.285
Qatar,QAT,1992,26.82,57.097
Qatar,QAT,1993,30.72,63.4
Qatar,QAT,1994,32.38,64.819
Qatar,QAT,1995,33.17,64.491
Qatar,QAT,1996,34.47,65.162
Qatar,QAT,1997,42.23,76.715
Qatar,QAT,1998,36.96,63.665
Qatar,QAT,1999,36.32,59.305
Qatar,QAT,2000,40.41,62.646
Qatar,QAT,2001,45.91,67.727
Qatar,QAT,2002,45.17,63.518
Qatar,QAT,2003,46.63,62.618
Qatar,QAT,2004,47.44,61.344
Qatar,QAT,2005,47.68,57.767
Qatar,QAT,2006,59.75,61.421
Qatar,QAT,2007,59.53,49.255
Qatar,QAT,2008,61.87,43.359
Qatar,QAT,2009,65.31,41.175
Qatar,QAT,2010,73.65,43.09
Qatar,QAT,2011,81.81,45.175
Qatar,QAT,2012,93.74,49.152
Qatar,QAT,2013,91.43,44.982
Qatar,QAT,2014,91.64,41.31
Qatar,QAT,2015,93.31,38.441
Qatar,QAT,2016,91.38,35.154
Qatar,QAT,2017,105.66,39.035
Qatar,QAT,2018,102.62,37.166
Qatar,QAT,2019,101.43,36.252
Qatar,QAT,2020,101.33,36.145
Qatar,QAT,2021,104.39,37.082
Qatar,QAT,2022,109.59,37.89
Qatar,QAT,2023,119.54,40.128
Qatar,QAT,2024,125.81,41.271
Kuwait,KWT,1946,2.45,17.171
Kuwait,KWT,1947,6.75,46.811
Kuwait,KWT,1948,0.34,2.318
Kuwait,KWT,1949,1.06,7.154
Kuwait,KWT,1950,0.38,2.499
Kuwait,KWT,1951,0.12,0.74
Kuwait,KWT,1952,0.0,0.0
Kuwait,KWT,1953,0.0,0.0
Kuwait,KWT,1954,1.4,8.1
Kuwait,KWT,1955,1.85,9.922
Kuwait,KWT,1956,1.04,5.022
Kuwait,KWT,1957,2.2,9.682
Kuwait,KWT,1958,3.69,14.746
Kuwait,KWT,1959,3.8,13.593
Kuwait,KWT,1960,7.8,25.065
Kuwait,KWT,1961,9.97,28.829
Kuwait,KWT,1962,14.28,37.087
Kuwait,KWT,1963,17.01,39.775
Kuwait,KWT,1964,25.31,53.505
Kuwait,KWT,1965,35.39,67.905
Kuwait,KWT,1966,35.12,61.34
Kuwait,KWT,1967,25.42,40.472
Kuwait,KWT,1968,23.15,33.661
Kuwait,KWT,1969,26.81,35.772
Kuwait,KWT,1970,25.02,30.924
Kuwait,KWT,1971,27.12,31.347
Kuwait,KWT,1972,27.61,30.001
Kuwait,KWT,1973,24.22,24.776
Kuwait,KWT,1974,19.31,18.599
Kuwait,KWT,1975,16.81,15.217
Kuwait,KWT,1976,18.46,15.659
Kuwait,KWT,1977,17.2,13.675
Kuwait,KWT,1978,20.98,15.653
Kuwait,KWT,1979,17.64,12.395
Kuwait,KWT,1980,24.64,16.377
Kuwait,KWT,1981,25.18,15.901
Kuwait,KWT,1982,21.14,12.713
Kuwait,KWT,1983,21.58,12.371
Kuwait,KWT,1984,28.33,15.56
Kuwait,KWT,1985,29.12,15.373
Kuwait,KWT,1986,35.28,17.884
Kuwait,KWT,1987,31.43,15.309
Kuwait,KWT,1988,32.87,15.399
Kuwait,KWT,1989,35.84,16.161
Kuwait,KWT,1990,37.86,22.473
Kuwait,KWT,1991,492.98,364.791
Kuwait,KWT,1992,29.68,18.155
Kuwait,KWT,1993,49.16,29.401
Kuwait,KWT,1994,57.26,34.406
Kuwait,KWT,1995,56.26,33.46
Kuwait,KWT,1996,51.77,29.919
Kuwait,KWT,1997,56.76,31.753
Kuwait,KWT,1998,52.91,28.688
Kuwait,KWT,1999,55.09,28.992
Kuwait,KWT,2000,54.98,28.127
Kuwait,KWT,2001,59.12,29.44
Kuwait,KWT,2002,60.11,29.182
Kuwait,KWT,2003,62.49,29.618
Kuwait,KWT,2004,65.86,30.526
Kuwait,KWT,2005,74.62,33.358
Kuwait,KWT,2006,76.22,32.233
Kuwait,KWT,2007,77.29,30.821
Kuwait,KWT,2008,84.44,31.848
Kuwait,KWT,2009,88.83,31.777
Kuwait,KWT,2010,89.72,30.482
Kuwait,KWT,2011,87.15,27.819
Kuwait,KWT,2012,101.2,30.327
Kuwait,KWT,2013,83.05,23.675
Kuwait,KWT,2014,74.99,20.458
Kuwait,KWT,2015,93.32,24.337
Kuwait,KWT,2016,104.02,25.979
Kuwait,KWT,2017,100.01,24.072
Kuwait,KWT,2018,102.45,23.697
Kuwait,KWT,2019,104.65,23.559
Kuwait,KWT,2020,90.1,20.477
Kuwait,KWT,2021,87.87,20.15
Kuwait,KWT,2022,115.85,25.242
Kuwait,KWT,2023,123.17,25.454
Kuwait,KWT,2024,129.52,26.248
Israel,ISR,1930,0.04,0.068
Israel,ISR,1931,0.04,0.066
Israel,ISR,1932,0.05,0.08
Israel,ISR,1933,0.07,0.099
Israel,ISR,1934,0.07,0.1
Israel,ISR,1935,0.09,0.127
Israel,ISR,1936,0.08,0.102
Israel,ISR,1937,0.08,0.103
Israel,ISR,1938,0.05,0.058
Israel,ISR,1939,0.05,0.065
Israel,ISR,1940,0.07,0.083
Israel,ISR,1941,0.06,0.064
Israel,ISR,1942,0.11,0.115
Israel,ISR,1943,0.08,0.085
Israel,ISR,1944,0.09,0.085
Israel,ISR,1945,0.07,0.069
Israel,ISR,1946,0.13,0.119
Israel,ISR,1947,0.16,0.144
Israel,ISR,1948,0.08,0.068
Israel,ISR,1949,0.12,0.097
Israel,ISR,1950,1.67,1.295
Israel,ISR,1951,2.92,2.159
Israel,ISR,1952,3.66,2.587
Israel,ISR,1953,4.04,2.736
Israel,ISR,1954,4.32,2.812
Israel,ISR,1955,4.82,3.011
Israel,ISR,1956,4.79,2.887
Israel,ISR,1957,5.17,3.005
Israel,ISR,1958,5.54,3.112
Israel,ISR,1959,5.6,3.051
Israel,ISR,1960,6.46,3.414
Israel,ISR,1961,7.06,3.608
Israel,ISR,1962,7.93,3.887
Israel,ISR,1963,8.2,3.84
Israel,ISR,1964,9.14,4.094
Israel,ISR,1965,12.93,5.545
Israel,ISR,1966,13.58,5.58
Israel,ISR,1967,13.53,5.329
Israel,ISR,1968,13.79,5.214
Israel,ISR,1969,14.8,5.374
Israel,ISR,1970,16.56,5.78
Israel,ISR,1971,16.22,5.448
Israel,ISR,1972,16.89,5.485
Israel,ISR,1973,19.26,6.089
Israel,ISR,1974,19.37,5.978
Israel,ISR,1975,19.54,5.889
Israel,ISR,1976,19.5,5.737
Israel,ISR,1977,19.77,5.68
Israel,ISR,1978,21.03,5.907
Israel,ISR,1979,20.86,5.731
Israel,ISR,1980,20.98,5.639
Israel,ISR,1981,21.02,5.528
Israel,ISR,1982,23.85,6.142
Israel,ISR,1983,23.71,5.988
Israel,ISR,1984,23.5,5.825
Israel,ISR,1985,24.61,5.995
Israel,ISR,1986,26.35,6.32
Israel,ISR,1987,27.07,6.389
Israel,ISR,1988,29.7,6.896
Israel,ISR,1989,31.39,7.165
Israel,ISR,1990,35.82,7.882
Israel,ISR,1991,36.15,7.563
Israel,ISR,1992,42.08,8.489
Israel,ISR,1993,44.23,8.697
Israel,ISR,1994,47.47,9.101
Israel,ISR,1995,49.87,9.312
Israel,ISR,1996,51.94,9.444
Israel,ISR,1997,54.87,9.717
Israel,ISR,1998,56.01,9.673
Israel,ISR,1999,54.76,9.209
Israel,ISR,2000,59.52,9.739
Israel,ISR,2001,63.02,10.068
Israel,ISR,2002,59.3,9.284
Israel,ISR,2003,62.41,9.598
Israel,ISR,2004,58.68,8.871
Israel,ISR,2005,56.53,8.402
Israel,ISR,2006,62.15,9.081
Israel,ISR,2007,62.8,9.02
Israel,ISR,2008,67.98,9.598
Israel,ISR,2009,63.86,8.862
Israel,ISR,2010,68.29,9.308
Israel,ISR,2011,68.59,9.181
Israel,ISR,2012,74.78,9.83
Israel,ISR,2013,63.1,8.142
Israel,ISR,2014,60.28,7.633
Israel,ISR,2015,62.94,7.815
Israel,ISR,2016,61.16,7.45
Israel,ISR,2017,58.85,7.038
Israel,ISR,2018,59.99,7.049
Israel,ISR,2019,58.95,6.809
Israel,ISR,2020,59.29,6.737
Israel,ISR,2021,58.95,6.592
Israel,ISR,2022,62.27,6.84
Israel,ISR,2023,55.38,5.983
Israel,ISR,2024,52.64,5.607
Turkey,TUR,1865,0.15,0.013
Turkey,TUR,1866,0.21,0.018
Turkey,TUR,1867,0.23,0.02
Turkey,TUR,1868,0.18,0.015
Turkey,TUR,1869,0.27,0.023
Turkey,TUR,1870,0.16,0.013
Turkey,TUR,1871,0.2,0.017
Turkey,TUR,1872,0.25,0.021
Turkey,TUR,1873,0.24,0.02
Turkey,TUR,1874,0.26,0.021
Turkey,TUR,1875,0.35,0.029
Turkey,TUR,1876,0.27,0.023
Turkey,TUR,1877,0.45,0.037
Turkey,TUR,1878,0.33,0.027
Turkey,TUR,1879,0.12,0.01
Turkey,TUR,1880,0.14,0.011
Turkey,TUR,1881,0.18,0.015
Turkey,TUR,1882,0.15,0.012
Turkey,TUR,1883,0.16,0.013
Turkey,TUR,1884,0.18,0.014
Turkey,TUR,1885,0.19,0.015
Turkey,TUR,1886,0.14,0.011
Turkey,TUR,1887,0.25,0.019
Turkey,TUR,1888,0.27,0.021
Turkey,TUR,1889,0.4,0.031
Turkey,TUR,1890,0.37,0.028
Turkey,TUR,1891,0.4,0.03
Turkey,TUR,1892,0.41,0.031
Turkey,TUR,1893,0.43,0.032
Turkey,TUR,1894,0.39,0.029
Turkey,TUR,1895,0.37,0.028
Turkey,TUR,1896,0.44,0.032
Turkey,TUR,1897,0.32,0.023
Turkey,TUR,1898,0.52,0.038
Turkey,TUR,1899,0.67,0.048
Turkey,TUR,1900,1.04,0.074
Turkey,TUR,1901,0.95,0.068
Turkey,TUR,1902,1.05,0.074
Turkey,TUR,1903,1.21,0.085
Turkey,TUR,1904,1.37,0.096
Turkey,TUR,1905,1.53,0.106
Turkey,TUR,1906,1.58,0.109
Turkey,TUR,1907,1.88,0.129
Turkey,TUR,1908,1.72,0.118
Turkey,TUR,1909,1.96,0.133
Turkey,TUR,1910,1.88,0.128
Turkey,TUR,1911,2.23,0.152
Turkey,TUR,1912,2.0,0.137
Turkey,TUR,1913,2.04,0.141
Turkey,TUR,1914,1.66,0.116
Turkey,TUR,1915,1.04,0.073
Turkey,TUR,1916,0.51,0.036
Turkey,TUR,1917,0.39,0.028
Turkey,TUR,1918,0.46,0.033
Turkey,TUR,1919,0.94,0.068
Turkey,TUR,1920,1.4,0.102
Turkey,TUR,1921,0.84,0.061
Turkey,TUR,1922,1.01,0.073
Turkey,TUR,1923,1.47,0.105
Turkey,TUR,1924,2.45,0.174
Turkey,TUR,1925,2.37,0.167
Turkey,TUR,1926,3.01,0.211
Turkey,TUR,1927,3.28,0.228
Turkey,TUR,1928,3.13,0.216
Turkey,TUR,1929,3.55,0.243
Turkey,TUR,1930,3.97,0.268
Turkey,TUR,1931,3.94,0.262
Turkey,TUR,1932,4.0,0.262
Turkey,TUR,1933,4.66,0.301
Turkey,TUR,1934,5.79,0.367
Turkey,TUR,1935,5.94,0.369
Turkey,TUR,1936,5.87,0.358
Turkey,TUR,1937,4.25,0.255
Turkey,TUR,1938,4.63,0.273
Turkey,TUR,1939,4.9,0.284
Turkey,TUR,1940,5.47,0.311
Turkey,TUR,1941,5.62,0.315
Turkey,TUR,1942,4.95,0.272
Turkey,TUR,1943,6.12,0.331
Turkey,TUR,1944,7.02,0.373
Turkey,TUR,1945,7.09,0.371
Turkey,TUR,1946,7.02,0.361
Turkey,TUR,1947,7.48,0.378
Turkey,TUR,1948,7.7,0.383
Turkey,TUR,1949,7.97,0.388
Turkey,TUR,1950,9.49,0.451
Turkey,TUR,1951,10.18,0.471
Turkey,TUR,1952,10.47,0.47
Turkey,TUR,1953,12.96,0.565
Turkey,TUR,1954,13.43,0.568
Turkey,TUR,1955,13.62,0.56
Turkey,TUR,1956,14.36,0.573
Turkey,TUR,1957,15.97,0.617
Turkey,TUR,1958,16.03,0.6
Turkey,TUR,1959,17.19,0.625
Turkey,TUR,1960,16.8,0.593
Turkey,TUR,1961,17.34,0.596
Turkey,TUR,1962,21.6,0.722
Turkey,TUR,1963,22.64,0.737
Turkey,TUR,1964,26.31,0.834
Turkey,TUR,1965,27.35,0.846
Turkey,TUR,1966,31.51,0.95
Turkey,TUR,1967,33.48,0.983
Turkey,TUR,1968,36.27,1.038
Turkey,TUR,1969,38.75,1.083
Turkey,TUR,1970,42.58,1.162
Turkey,TUR,1971,47.64,1.27
Turkey,TUR,1972,53.74,1.398
Turkey,TUR,1973,59.33,1.509
Turkey,TUR,1974,60.96,1.516
Turkey,TUR,1975,65.46,1.595
Turkey,TUR,1976,73.42,1.752
Turkey,TUR,1977,81.2,1.898
Turkey,TUR,1978,76.81,1.76
Turkey,TUR,1979,75.14,1.688
Turkey,TUR,1980,75.32,1.659
Turkey,TUR,1981,79.32,1.712
Turkey,TUR,1982,86.36,1.825
Turkey,TUR,1983,89.96,1.857
Turkey,TUR,1984,95.09,1.918
Turkey,TUR,1985,105.88,2.089
Turkey,TUR,1986,115.87,2.238
Turkey,TUR,1987,128.75,2.436
Turkey,TUR,1988,125.06,2.32
Turkey,TUR,1989,137.93,2.509
Turkey,TUR,1990,154.57,2.759
Turkey,TUR,1991,161.13,2.826
Turkey,TUR,1992,167.23,2.884
Turkey,TUR,1993,174.29,2.954
Turkey,TUR,1994,170.59,2.842
Turkey,TUR,1995,184.67,3.026
Turkey,TUR,1996,203.1,3.278
Turkey,TUR,1997,215.51,3.429
Turkey,TUR,1998,215.59,3.383
Turkey,TUR,1999,211.24,3.27
Turkey,TUR,2000,232.93,3.56
Turkey,TUR,2001,216.87,3.274
Turkey,TUR,2002,224.32,3.346
Turkey,TUR,2003,239.85,3.536
Turkey,TUR,2004,247.84,3.613
Turkey,TUR,2005,267.71,3.861
Turkey,TUR,2006,285.43,4.075
Turkey,TUR,2007,316.5,4.473
Turkey,TUR,2008,312.63,4.369
Turkey,TUR,2009,318.57,4.396
Turkey,TUR,2010,318.71,4.345
Turkey,TUR,2011,344.21,4.638
Turkey,TUR,2012,358.64,4.769
Turkey,TUR,2013,350.63,4.589
Turkey,TUR,2014,367.27,4.706
Turkey,TUR,2015,387.7,4.845
Turkey,TUR,2016,405.55,4.967
Turkey,TUR,2017,430.62,5.183
Turkey,TUR,2018,423.82,5.021
Turkey,TUR,2019,406.57,4.763
Turkey,TUR,2020,416.33,4.836
Turkey,TUR,2021,457.38,5.276
Turkey,TUR,2022,443.6,5.095
Turkey,TUR,2023,486.94,5.58
Turkey,TUR,2024,513.03,5.865
Egypt,EGY,1911,0.01,0.001
Egypt,EGY,1912,0.08,0.007
Egypt,EGY,1913,0.04,0.003
Egypt,EGY,1914,0.31,0.026
Egypt,EGY,1915,0.09,0.008
Egypt,EGY,1916,0.18,0.015
Egypt,EGY,1917,0.42,0.034
Egypt,EGY,1918,0.86,0.069
Egypt,EGY,1919,0.69,0.055
Egypt,EGY,1920,0.45,0.036
Egypt,EGY,1921,0.56,0.044
Egypt,EGY,1922,0.53,0.041
Egypt,EGY,1923,0.47,0.036
Egypt,EGY,1924,0.5,0.037
Egypt,EGY,1925,0.55,0.041
Egypt,EGY,1926,0.53,0.039
Egypt,EGY,1927,0.57,0.041
Egypt,EGY,1928,0.87,0.062
Egypt,EGY,1929,0.92,0.066
Egypt,EGY,1930,1.02,0.072
Egypt,EGY,1931,1.01,0.07
Egypt,EGY,1932,0.95,0.065
Egypt,EGY,1933,0.87,0.059
Egypt,EGY,1934,0.82,0.055
Egypt,EGY,1935,0.75,0.049
Egypt,EGY,1936,0.73,0.047
Egypt,EGY,1937,0.69,0.044
Egypt,EGY,1938,0.88,0.055
Egypt,EGY,1939,2.23,0.138
Egypt,EGY,1940,3.03,0.184
Egypt,EGY,1941,3.95,0.236
Egypt,EGY,1942,3.83,0.223
Egypt,EGY,1943,4.1,0.233
Egypt,EGY,1944,4.36,0.241
Egypt,EGY,1945,4.35,0.234
Egypt,EGY,1946,4.22,0.221
Egypt,EGY,1947,4.41,0.225
Egypt,EGY,1948,6.15,0.306
Egypt,EGY,1949,7.46,0.362
Egypt,EGY,1950,10.23,0.484
Egypt,EGY,1951,10.56,0.489
Egypt,EGY,1952,10.89,0.493
Egypt,EGY,1953,10.78,0.476
Egypt,EGY,1954,11.66,0.503
Egypt,EGY,1955,10.64,0.447
Egypt,EGY,1956,9.94,0.408
Egypt,EGY,1957,11.92,0.477
Egypt,EGY,1958,13.68,0.534
Egypt,EGY,1959,12.71,0.484
Egypt,EGY,1960,16.03,0.596
Egypt,EGY,1961,17.07,0.618
Egypt,EGY,1962,18.57,0.655
Egypt,EGY,1963,21.53,0.74
Egypt,EGY,1964,25.49,0.854
Egypt,EGY,1965,27.61,0.901
Egypt,EGY,1966,26.53,0.845
Egypt,EGY,1967,19.65,0.61
Egypt,EGY,1968,22.87,0.693
Egypt,EGY,1969,19.66,0.582
Egypt,EGY,1970,21.65,0.625
Egypt,EGY,1971,22.98,0.648
Egypt,EGY,1972,25.41,0.701
Egypt,EGY,1973,23.66,0.638
Egypt,EGY,1974,25.97,0.684
Egypt,EGY,1975,30.9,0.795
Egypt,EGY,1976,34.27,0.861
Egypt,EGY,1977,37.62,0.923
Egypt,EGY,1978,39.05,0.935
Egypt,EGY,1979,42.66,0.996
Egypt,EGY,1980,44.92,1.022
Egypt,EGY,1981,50.58,1.12
Egypt,EGY,1982,56.0,1.207
Egypt,EGY,1983,56.38,1.18
Egypt,EGY,1984,62.94,1.278
Egypt,EGY,1985,63.09,1.243
Egypt,EGY,1986,73.38,1.406
Egypt,EGY,1987,73.38,1.367
Egypt,EGY,1988,72.85,1.32
Egypt,EGY,1989,69.94,1.233
Egypt,EGY,1990,72.88,1.248
Egypt,EGY,1991,74.45,1.24
Egypt,EGY,1992,77.42,1.259
Egypt,EGY,1993,90.83,1.444
Egypt,EGY,1994,87.48,1.361
Egypt,EGY,1995,97.97,1.492
Egypt,EGY,1996,97.04,1.448
Egypt,EGY,1997,110.93,1.621
Egypt,EGY,1998,124.26,1.777
Egypt,EGY,1999,126.99,1.776
Egypt,EGY,2000,142.84,1.954
Egypt,EGY,2001,126.37,1.693
Egypt,EGY,2002,128.36,1.684
Egypt,EGY,2003,149.95,1.926
Egypt,EGY,2004,151.92,1.911
Egypt,EGY,2005,166.93,2.058
Egypt,EGY,2006,178.39,2.157
Egypt,EGY,2007,189.2,2.245
Egypt,EGY,2008,195.86,2.281
Egypt,EGY,2009,205.24,2.346
Egypt,EGY,2010,202.7,2.273
Egypt,EGY,2011,221.68,2.434
Egypt,EGY,2012,212.52,2.281
Egypt,EGY,2013,219.09,2.298
Egypt,EGY,2014,227.25,2.33
Egypt,EGY,2015,226.65,2.276
Egypt,EGY,2016,245.16,2.412
Egypt,EGY,2017,253.36,2.443
Egypt,EGY,2018,241.9,2.289
Egypt,EGY,2019,234.06,2.176
Egypt,EGY,2020,246.32,2.253
Egypt,EGY,2021,266.84,2.405
Egypt,EGY,2022,249.9,2.219
Egypt,EGY,2023,250.23,2.185
Egypt,EGY,2024,258.37,2.217
South Africa,ZAF,1884,0.02,0.005
South Africa,ZAF,1885,0.04,0.008
South Africa,ZAF,1886,0.05,0.011
South Africa,ZAF,1887,0.05,0.011
South Africa,ZAF,1888,0.08,0.018
South Africa,ZAF,1889,0.13,0.029
South Africa,ZAF,1890,0.3,0.064
South Africa,ZAF,1891,0.3,0.064
South Africa,ZAF,1892,0.48,0.102
South Africa,ZAF,1893,1.8,0.377
South Africa,ZAF,1894,2.43,0.504
South Africa,ZAF,1895,3.34,0.685
South Africa,ZAF,1896,4.26,0.864
South Africa,ZAF,1897,4.78,0.959
South Africa,ZAF,1898,6.05,1.201
South Africa,ZAF,1899,5.52,1.083
South Africa,ZAF,1900,2.33,0.451
South Africa,ZAF,1901,3.91,0.746
South Africa,ZAF,1902,5.83,1.095
South Africa,ZAF,1903,7.78,1.437
South Africa,ZAF,1904,8.77,1.592
South Africa,ZAF,1905,10.03,1.79
South Africa,ZAF,1906,11.46,2.012
South Africa,ZAF,1907,12.65,2.183
South Africa,ZAF,1908,13.01,2.207
South Africa,ZAF,1909,14.97,2.499
South Africa,ZAF,1910,16.98,2.786
South Africa,ZAF,1911,16.34,2.638
South Africa,ZAF,1912,17.35,2.756
South Africa,ZAF,1913,18.98,2.967
South Africa,ZAF,1914,18.4,2.83
South Africa,ZAF,1915,18.51,2.802
South Africa,ZAF,1916,21.81,3.249
South Africa,ZAF,1917,23.34,3.421
South Africa,ZAF,1918,22.22,3.208
South Africa,ZAF,1919,23.14,3.285
South Africa,ZAF,1920,25.67,3.581
South Africa,ZAF,1921,25.41,3.48
South Africa,ZAF,1922,21.79,2.925
South Africa,ZAF,1923,26.44,3.477
South Africa,ZAF,1924,27.78,3.577
South Africa,ZAF,1925,28.95,3.652
South Africa,ZAF,1926,30.43,3.759
South Africa,ZAF,1927,29.56,3.576
South Africa,ZAF,1928,29.62,3.51
South Africa,ZAF,1929,30.77,3.572
South Africa,ZAF,1930,28.72,3.266
South Africa,ZAF,1931,25.57,2.849
South Africa,ZAF,1932,23.46,2.562
South Africa,ZAF,1933,25.33,2.712
South Africa,ZAF,1934,28.87,3.03
South Africa,ZAF,1935,32.16,3.308
South Africa,ZAF,1936,35.25,3.554
South Africa,ZAF,1937,36.82,3.639
South Africa,ZAF,1938,38.7,3.749
South Africa,ZAF,1939,40.16,3.814
South Africa,ZAF,1940,41.52,3.867
South Africa,ZAF,1941,44.33,4.049
South Africa,ZAF,1942,48.42,4.339
South Africa,ZAF,1943,48.76,4.288
South Africa,ZAF,1944,54.57,4.707
South Africa,ZAF,1945,55.87,4.729
South Africa,ZAF,1946,56.04,4.654
South Africa,ZAF,1947,55.83,4.55
South Africa,ZAF,1948,57.1,4.565
South Africa,ZAF,1949,60.59,4.747
South Africa,ZAF,1950,60.91,4.672
South Africa,ZAF,1951,65.07,4.889
South Africa,ZAF,1952,70.83,5.21
South Africa,ZAF,1953,70.97,5.109
South Africa,ZAF,1954,73.88,5.201
South Africa,ZAF,1955,82.93,5.706
South Africa,ZAF,1956,87.25,5.863
South Africa,ZAF,1957,89.64,5.88
South Africa,ZAF,1958,96.25,6.162
South Africa,ZAF,1959,94.47,5.899
South Africa,ZAF,1960,97.85,5.952
South Africa,ZAF,1961,102.12,6.04
South Africa,ZAF,1962,105.67,6.067
South Africa,ZAF,1963,109.73,6.111
South Africa,ZAF,1964,119.55,6.458
South Africa,ZAF,1965,128.14,6.713
South Africa,ZAF,1966,128.23,6.513
South Africa,ZAF,1967,133.76,6.585
South Africa,ZAF,1968,137.95,6.583
South Africa,ZAF,1969,143.14,6.622
South Africa,ZAF,1970,149.62,6.716
South Africa,ZAF,1971,168.41,7.341
South Africa,ZAF,1972,171.56,7.266
South Africa,ZAF,1973,173.35,7.136
South Africa,ZAF,1974,176.55,7.065
South Africa,ZAF,1975,185.0,7.201
South Africa,ZAF,1976,192.91,7.308
South Africa,ZAF,1977,199.74,7.365
South Africa,ZAF,1978,201.88,7.244
South Africa,ZAF,1979,218.67,7.637
South Africa,ZAF,1980,228.2,7.731
South Africa,ZAF,1981,257.08,8.417
South Africa,ZAF,1982,280.44,8.87
South Africa,ZAF,1983,291.91,8.916
South Africa,ZAF,1984,315.6,9.312
South Africa,ZAF,1985,323.87,9.242
South Africa,ZAF,1986,330.5,9.135
South Africa,ZAF,1987,328.67,8.805
South Africa,ZAF,1988,342.66,8.905
South Africa,ZAF,1989,340.71,8.598
South Africa,ZAF,1990,312.93,7.68
South Africa,ZAF,1991,326.03,7.821
South Africa,ZAF,1992,301.33,7.1
South Africa,ZAF,1993,320.35,7.399
South Africa,ZAF,1994,338.7,7.697
South Africa,ZAF,1995,361.71,8.121
South Africa,ZAF,1996,363.73,8.061
South Africa,ZAF,1997,385.22,8.435
South Africa,ZAF,1998,377.27,8.162
South Africa,ZAF,1999,374.87,8.022
South Africa,ZAF,2000,378.33,8.022
South Africa,ZAF,2001,371.6,7.812
South Africa,ZAF,2002,356.5,7.424
South Africa,ZAF,2003,404.41,8.338
South Africa,ZAF,2004,449.32,9.171
South Africa,ZAF,2005,416.2,8.41
South Africa,ZAF,2006,446.74,8.935
South Africa,ZAF,2007,465.03,9.203
South Africa,ZAF,2008,494.67,9.678
South Africa,ZAF,2009,474.51,9.173
South Africa,ZAF,2010,467.35,8.928
South Africa,ZAF,2011,474.27,8.949
South Africa,ZAF,2012,461.44,8.58
South Africa,ZAF,2013,456.19,8.343
South Africa,ZAF,2014,481.64,8.663
South Africa,ZAF,2015,457.47,8.065
South Africa,ZAF,2016,457.05,7.982
South Africa,ZAF,2017,440.01,7.634
South Africa,ZAF,2018,453.77,7.742
South Africa,ZAF,2019,470.73,7.9
South Africa,ZAF,2020,435.3,7.188
South Africa,ZAF,2021,439.46,7.145
South Africa,ZAF,2022,428.78,6.874
South Africa,ZAF,2023,436.6,6.907
South Africa,ZAF,2024,439.83,6.872
Nigeria,NGA,1915,0.02,0.001
Nigeria,NGA,1916,0.07,0.003
Nigeria,NGA,1917,0.22,0.01
Nigeria,NGA,1918,0.4,0.018
Nigeria,NGA,1919,0.37,0.016
Nigeria,NGA,1920,0.49,0.021
Nigeria,NGA,1921,0.57,0.025
Nigeria,NGA,1922,0.3,0.013
Nigeria,NGA,1923,0.47,0.02
Nigeria,NGA,1924,0.54,0.022
Nigeria,NGA,1925,0.64,0.026
Nigeria,NGA,1926,0.88,0.035
Nigeria,NGA,1927,0.97,0.038
Nigeria,NGA,1928,0.97,0.037
Nigeria,NGA,1929,0.93,0.035
Nigeria,NGA,1930,0.94,0.035
Nigeria,NGA,1931,0.88,0.033
Nigeria,NGA,1932,0.68,0.025
Nigeria,NGA,1933,0.63,0.023
Nigeria,NGA,1934,0.7,0.025
Nigeria,NGA,1935,0.7,0.024
Nigeria,NGA,1936,0.79,0.027
Nigeria,NGA,1937,0.98,0.033
Nigeria,NGA,1938,0.97,0.032
Nigeria,NGA,1939,0.82,0.027
Nigeria,NGA,1940,0.84,0.027
Nigeria,NGA,1941,0.99,0.031
Nigeria,NGA,1942,1.24,0.039
Nigeria,NGA,1943,1.36,0.042
Nigeria,NGA,1944,1.66,0.05
Nigeria,NGA,1945,1.38,0.041
Nigeria,NGA,1946,1.64,0.047
Nigeria,NGA,1947,1.56,0.044
Nigeria,NGA,1948,1.64,0.046
Nigeria,NGA,1949,1.48,0.041
Nigeria,NGA,1950,2.26,0.061
Nigeria,NGA,1951,1.69,0.044
Nigeria,NGA,1952,2.18,0.056
Nigeria,NGA,1953,2.44,0.062
Nigeria,NGA,1954,2.57,0.064
Nigeria,NGA,1955,2.7,0.066
Nigeria,NGA,1956,3.01,0.072
Nigeria,NGA,1957,3.18,0.075
Nigeria,NGA,1958,3.72,0.086
Nigeria,NGA,1959,3.56,0.081
Nigeria,NGA,1960,3.4,0.076
Nigeria,NGA,1961,4.11,0.089
Nigeria,NGA,1962,4.17,0.089
Nigeria,NGA,1963,5.34,0.111
Nigeria,NGA,1964,7.27,0.148
Nigeria,NGA,1965,11.75,0.235
Nigeria,NGA,1966,12.89,0.252
Nigeria,NGA,1967,12.82,0.245
Nigeria,NGA,1968,6.63,0.124
Nigeria,NGA,1969,12.1,0.221
Nigeria,NGA,1970,21.52,0.385
Nigeria,NGA,1971,32.25,0.564
Nigeria,NGA,1972,41.38,0.706
Nigeria,NGA,1973,49.51,0.824
Nigeria,NGA,1974,62.21,1.009
Nigeria,NGA,1975,47.32,0.746
Nigeria,NGA,1976,55.16,0.845
Nigeria,NGA,1977,50.47,0.751
Nigeria,NGA,1978,48.18,0.695
Nigeria,NGA,1979,70.14,0.981
Nigeria,NGA,1980,67.99,0.922
Nigeria,NGA,1981,65.75,0.864
Nigeria,NGA,1982,65.31,0.833
Nigeria,NGA,1983,59.62,0.741
Nigeria,NGA,1984,69.34,0.84
Nigeria,NGA,1985,69.56,0.819
Nigeria,NGA,1986,73.11,0.838
Nigeria,NGA,1987,58.94,0.658
Nigeria,NGA,1988,70.35,0.764
Nigeria,NGA,1989,42.05,0.445
Nigeria,NGA,1990,38.79,0.399
Nigeria,NGA,1991,41.84,0.42
Nigeria,NGA,1992,46.16,0.451
Nigeria,NGA,1993,44.7,0.425
Nigeria,NGA,1994,80.36,0.745
Nigeria,NGA,1995,84.23,0.76
Nigeria,NGA,1996,97.77,0.859
Nigeria,NGA,1997,95.65,0.819
Nigeria,NGA,1998,86.34,0.72
Nigeria,NGA,1999,84.84,0.689
Nigeria,NGA,2000,96.83,0.766
Nigeria,NGA,2001,100.22,0.772
Nigeria,NGA,2002,89.91,0.674
Nigeria,NGA,2003,100.03,0.729
Nigeria,NGA,2004,94.96,0.673
Nigeria,NGA,2005,101.67,0.701
Nigeria,NGA,2006,90.1,0.604
Nigeria,NGA,2007,82.17,0.536
Nigeria,NGA,2008,86.49,0.549
Nigeria,NGA,2009,77.03,0.475
Nigeria,NGA,2010,112.05,0.672
Nigeria,NGA,2011,126.12,0.736
Nigeria,NGA,2012,110.12,0.625
Nigeria,NGA,2013,117.4,0.648
Nigeria,NGA,2014,123.97,0.667
Nigeria,NGA,2015,110.52,0.58
Nigeria,NGA,2016,116.4,0.596
Nigeria,NGA,2017,112.54,0.562
Nigeria,NGA,2018,106.79,0.521
Nigeria,NGA,2019,127.86,0.61
Nigeria,NGA,2020,124.9,0.584
Nigeria,NGA,2021,147.78,0.676
Nigeria,NGA,2022,131.44,0.589
Nigeria,NGA,2023,129.38,0.568
Nigeria,NGA,2024,135.82,0.584
Ethiopia,ETH,1941,0.01,0.001
Ethiopia,ETH,1942,0.01,0.001
Ethiopia,ETH,1943,0.01,0.001
Ethiopia,ETH,1948,0.0,0.0
Ethiopia,ETH,1949,0.0,0.0
Ethiopia,ETH,1950,0.09,0.005
Ethiopia,ETH,1951,0.06,0.003
Ethiopia,ETH,1952,0.1,0.005
Ethiopia,ETH,1953,0.18,0.01
Ethiopia,ETH,1954,0.27,0.014
Ethiopia,ETH,1955,0.23,0.012
Ethiopia,ETH,1956,0.24,0.012
Ethiopia,ETH,1957,0.32,0.016
Ethiopia,ETH,1958,0.32,0.016
Ethiopia,ETH,1959,0.34,0.016
Ethiopia,ETH,1960,0.35,0.016
Ethiopia,ETH,1961,0.34,0.016
Ethiopia,ETH,1962,0.4,0.018
Ethiopia,ETH,1963,0.42,0.018
Ethiopia,ETH,1964,0.41,0.017
Ethiopia,ETH,1965,0.64,0.027
Ethiopia,ETH,1966,0.82,0.033
Ethiopia,ETH,1967,1.07,0.042
Ethiopia,ETH,1968,1.73,0.065
Ethiopia,ETH,1969,1.67,0.062
Ethiopia,ETH,1970,1.65,0.059
Ethiopia,ETH,1971,1.85,0.065
Ethiopia,ETH,1972,1.41,0.048
Ethiopia,ETH,1973,1.75,0.058
Ethiopia,ETH,1974,1.74,0.056
Ethiopia,ETH,1975,1.21,0.038
Ethiopia,ETH,1976,1.17,0.036
Ethiopia,ETH,1977,1.05,0.032
Ethiopia,ETH,1978,1.37,0.041
Ethiopia,ETH,1979,1.84,0.054
Ethiopia,ETH,1980,1.82,0.053
Ethiopia,ETH,1981,1.86,0.053
Ethiopia,ETH,1982,1.47,0.04
Ethiopia,ETH,1983,1.83,0.049
Ethiopia,ETH,1984,1.65,0.043
Ethiopia,ETH,1985,1.8,0.045
Ethiopia,ETH,1986,2.2,0.053
Ethiopia,ETH,1987,2.55,0.06
Ethiopia,ETH,1988,2.64,0.06
Ethiopia,ETH,1989,2.79,0.061
Ethiopia,ETH,1990,2.99,0.063
Ethiopia,ETH,1991,2.96,0.06
Ethiopia,ETH,1992,2.94,0.057
Ethiopia,ETH,1993,2.99,0.056
Ethiopia,ETH,1994,2.2,0.04
Ethiopia,ETH,1995,2.51,0.044
Ethiopia,ETH,1996,2.79,0.047
Ethiopia,ETH,1997,2.98,0.049
Ethiopia,ETH,1998,3.15,0.05
Ethiopia,ETH,1999,3.09,0.047
Ethiopia,ETH,2000,3.46,0.051
Ethiopia,ETH,2001,4.26,0.061
Ethiopia,ETH,2002,4.43,0.062
Ethiopia,ETH,2003,4.87,0.066
Ethiopia,ETH,2004,5.16,0.068
Ethiopia,ETH,2005,4.96,0.063
Ethiopia,ETH,2006,5.32,0.066
Ethiopia,ETH,2007,5.84,0.07
Ethiopia,ETH,2008,6.42,0.075
Ethiopia,ETH,2009,6.45,0.073
Ethiopia,ETH,2010,6.34,0.07
Ethiopia,ETH,2011,7.35,0.079
Ethiopia,ETH,2012,7.99,0.083
Ethiopia,ETH,2013,9.74,0.099
Ethiopia,ETH,2014,11.54,0.114
Ethiopia,ETH,2015,12.56,0.121
Ethiopia,ETH,2016,14.32,0.134
Ethiopia,ETH,2017,14.6,0.133
Ethiopia,ETH,2018,16.12,0.143
Ethiopia,ETH,2019,17.18,0.148
Ethiopia,ETH,2020,16.74,0.141
Ethiopia,ETH,2021,17.91,0.147
Ethiopia,ETH,2022,16.96,0.135
Ethiopia,ETH,2023,17.57,0.137
Ethiopia,ETH,2024,17.84,0.135
Pakistan,PAK,1946,0.63,0.018
Pakistan,PAK,1947,0.66,0.018
Pakistan,PAK,1948,0.72,0.02
Pakistan,PAK,1949,1.02,0.028
Pakistan,PAK,1950,5.35,0.149
Pakistan,PAK,1951,6.61,0.181
Pakistan,PAK,1952,6.98,0.187
Pakistan,PAK,1953,7.11,0.186
Pakistan,PAK,1954,7.22,0.184
Pakistan,PAK,1955,7.44,0.185
Pakistan,PAK,1956,8.81,0.214
Pakistan,PAK,1957,9.1,0.216
Pakistan,PAK,1958,10.22,0.236
Pakistan,PAK,1959,9.92,0.223
Pakistan,PAK,1960,11.93,0.261
Pakistan,PAK,1961,12.35,0.263
Pakistan,PAK,1962,13.57,0.282
Pakistan,PAK,1963,15.6,0.315
Pakistan,PAK,1964,16.04,0.316
Pakistan,PAK,1965,16.83,0.322
Pakistan,PAK,1966,17.13,0.319
Pakistan,PAK,1967,18.18,0.329
Pakistan,PAK,1968,20.84,0.367
Pakistan,PAK,1969,20.21,0.346
Pakistan,PAK,1970,20.5,0.341
Pakistan,PAK,1971,19.44,0.314
Pakistan,PAK,1972,18.9,0.297
Pakistan,PAK,1973,20.01,0.306
Pakistan,PAK,1974,21.39,0.317
Pakistan,PAK,1975,23.19,0.334
Pakistan,PAK,1976,22.79,0.318
Pakistan,PAK,1977,24.32,0.329
Pakistan,PAK,1978,26.05,0.341
Pakistan,PAK,1979,28.13,0.356
Pakistan,PAK,1980,31.93,0.388
Pakistan,PAK,1981,34.23,0.399
Pakistan,PAK,1982,37.19,0.417
Pakistan,PAK,1983,40.02,0.434
Pakistan,PAK,1984,42.56,0.447
Pakistan,PAK,1985,46.81,0.477
Pakistan,PAK,1986,49.06,0.483
Pakistan,PAK,1987,52.99,0.504
Pakistan,PAK,1988,57.61,0.53
Pakistan,PAK,1989,60.32,0.537
Pakistan,PAK,1990,67.83,0.584
Pakistan,PAK,1991,67.48,0.562
Pakistan,PAK,1992,72.01,0.583
Pakistan,PAK,1993,77.18,0.608
Pakistan,PAK,1994,84.02,0.643
Pakistan,PAK,1995,83.61,0.621
Pakistan,PAK,1996,93.54,0.675
Pakistan,PAK,1997,93.79,0.658
Pakistan,PAK,1998,96.74,0.66
Pakistan,PAK,1999,99.39,0.66
Pakistan,PAK,2000,103.94,0.671
Pakistan,PAK,2001,105.4,0.662
Pakistan,PAK,2002,110.57,0.677
Pakistan,PAK,2003,113.14,0.677
Pakistan,PAK,2004,124.64,0.728
Pakistan,PAK,2005,129.95,0.741
Pakistan,PAK,2006,137.91,0.768
Pakistan,PAK,2007,148.35,0.804
Pakistan,PAK,2008,147.9,0.78
Pakistan,PAK,2009,148.35,0.763
Pakistan,PAK,2010,147.5,0.74
Pakistan,PAK,2011,149.49,0.734
Pakistan,PAK,2012,150.56,0.725
Pakistan,PAK,2013,148.18,0.702
Pakistan,PAK,2014,150.81,0.704
Pakistan,PAK,2015,144.9,0.667
Pakistan,PAK,2016,176.74,0.803
Pakistan,PAK,2017,211.98,0.949
Pakistan,PAK,2018,203.5,0.897
Pakistan,PAK,2019,190.83,0.827
Pakistan,PAK,2020,215.51,0.917
Pakistan,PAK,2021,243.55,1.017
Pakistan,PAK,2022,211.97,0.87
Pakistan,PAK,2023,186.86,0.755
Pakistan,PAK,2024,179.8,0.716
Bangladesh,BGD,1946,0.12,0.003
Bangladesh,BGD,1947,0.12,0.003
Bangladesh,BGD,1948,0.13,0.003
Bangladesh,BGD,1949,0.19,0.005
Bangladesh,BGD,1950,0.99,0.024
Bangladesh,BGD,1951,1.23,0.029
Bangladesh,BGD,1952,1.3,0.03
Bangladesh,BGD,1953,1.32,0.03
Bangladesh,BGD,1954,1.34,0.03
Bangladesh,BGD,1955,1.38,0.03
Bangladesh,BGD,1956,1.63,0.035
Bangladesh,BGD,1957,1.69,0.035
Bangladesh,BGD,1958,1.9,0.039
Bangladesh,BGD,1959,1.84,0.036
Bangladesh,BGD,1960,2.21,0.043
Bangladesh,BGD,1961,2.29,0.043
Bangladesh,BGD,1962,2.52,0.046
Bangladesh,BGD,1963,2.89,0.051
Bangladesh,BGD,1964,2.97,0.051
Bangladesh,BGD,1965,3.12,0.052
Bangladesh,BGD,1966,3.18,0.052
Bangladesh,BGD,1967,3.37,0.053
Bangladesh,BGD,1968,3.87,0.059
Bangladesh,BGD,1969,3.75,0.056
Bangladesh,BGD,1970,3.8,0.055
Bangladesh,BGD,1971,3.61,0.051
Bangladesh,BGD,1972,3.51,0.049
Bangladesh,BGD,1973,4.55,0.062
Bangladesh,BGD,1974,4.65,0.061
Bangladesh,BGD,1975,4.86,0.062
Bangladesh,BGD,1976,5.56,0.07
Bangladesh,BGD,1977,5.78,0.071
Bangladesh,BGD,1978,5.98,0.071
Bangladesh,BGD,1979,6.61,0.077
Bangladesh,BGD,1980,7.6,0.086
Bangladesh,BGD,1981,7.89,0.087
Bangladesh,BGD,1982,8.55,0.092
Bangladesh,BGD,1983,8.19,0.086
Bangladesh,BGD,1984,9.08,0.093
Bangladesh,BGD,1985,10.19,0.102
Bangladesh,BGD,1986,11.41,0.111
Bangladesh,BGD,1987,11.8,0.112
Bangladesh,BGD,1988,13.48,0.126
Bangladesh,BGD,1989,13.38,0.122
Bangladesh,BGD,1990,14.08,0.126
Bangladesh,BGD,1991,14.75,0.13
Bangladesh,BGD,1992,15.39,0.133
Bangladesh,BGD,1993,16.07,0.136
Bangladesh,BGD,1994,17.55,0.146
Bangladesh,BGD,1995,21.06,0.172
Bangladesh,BGD,1996,21.51,0.172
Bangladesh,BGD,1997,23.14,0.182
Bangladesh,BGD,1998,23.22,0.179
Bangladesh,BGD,1999,25.09,0.19
Bangladesh,BGD,2000,26.54,0.197
Bangladesh,BGD,2001,31.06,0.227
Bangladesh,BGD,2002,32.01,0.23
Bangladesh,BGD,2003,33.5,0.238
Bangladesh,BGD,2004,35.98,0.252
Bangladesh,BGD,2005,37.72,0.261
Bangladesh,BGD,2006,41.73,0.285
Bangladesh,BGD,2007,42.68,0.288
Bangladesh,BGD,2008,45.34,0.303
Bangladesh,BGD,2009,49.19,0.326
Bangladesh,BGD,2010,54.04,0.355
Bangladesh,BGD,2011,55.59,0.362
Bangladesh,BGD,2012,59.7,0.385
Bangladesh,BGD,2013,64.76,0.414
Bangladesh,BGD,2014,67.55,0.428
Bangladesh,BGD,2015,76.95,0.483
Bangladesh,BGD,2016,81.76,0.508
Bangladesh,BGD,2017,86.53,0.534
Bangladesh,BGD,2018,86.61,0.53
Bangladesh,BGD,2019,94.81,0.575
Bangladesh,BGD,2020,95.73,0.576
Bangladesh,BGD,2021,98.53,0.588
Bangladesh,BGD,2022,102.15,0.603
Bangladesh,BGD,2023,104.53,0.61
Bangladesh,BGD,2024,108.32,0.624
Norway,NOR,1850,0.14,0.1
Norway,NOR,1851,0.15,0.106
Norway,NOR,1852,0.15,0.105
Norway,NOR,1853,0.16,0.114
Norway,NOR,1854,0.23,0.159
Norway,NOR,1855,0.26,0.172
Norway,NOR,1856,0.3,0.201
Norway,NOR,1857,0.3,0.198
Norway,NOR,1858,0.27,0.172
Norway,NOR,1859,0.33,0.207
Norway,NOR,1860,0.33,0.209
Norway,NOR,1861,0.43,0.266
Norway,NOR,1862,0.37,0.228
Norway,NOR,1863,0.36,0.221
Norway,NOR,1864,0.48,0.291
Norway,NOR,1865,0.47,0.284
Norway,NOR,1866,0.52,0.31
Norway,NOR,1867,0.62,0.365
Norway,NOR,1868,0.63,0.371
Norway,NOR,1869,0.55,0.321
Norway,NOR,1870,0.63,0.362
Norway,NOR,1871,0.61,0.348
Norway,NOR,1872,0.66,0.37
Norway,NOR,1873,0.66,0.368
Norway,NOR,1874,0.82,0.451
Norway,NOR,1875,1.03,0.561
Norway,NOR,1876,0.91,0.49
Norway,NOR,1877,1.22,0.654
Norway,NOR,1878,1.09,0.577
Norway,NOR,1879,1.14,0.601
Norway,NOR,1880,1.25,0.652
Norway,NOR,1881,1.29,0.671
Norway,NOR,1882,1.41,0.729
Norway,NOR,1883,1.52,0.783
Norway,NOR,1884,1.56,0.798
Norway,NOR,1885,1.78,0.909
Norway,NOR,1886,1.74,0.885
Norway,NOR,1887,1.68,0.85
Norway,NOR,1888,1.95,0.979
Norway,NOR,1889,2.22,1.111
Norway,NOR,1890,2.08,1.033
Norway,NOR,1891,2.41,1.19
Norway,NOR,1892,2.47,1.204
Norway,NOR,1893,2.46,1.189
Norway,NOR,1894,2.91,1.387
Norway,NOR,1895,3.06,1.445
Norway,NOR,1896,3.13,1.46
Norway,NOR,1897,3.39,1.564
Norway,NOR,1898,3.39,1.546
Norway,NOR,1899,4.05,1.83
Norway,NOR,1900,4.15,1.861
Norway,NOR,1901,3.89,1.73
Norway,NOR,1902,4.24,1.87
Norway,NOR,1903,4.24,1.856
Norway,NOR,1904,4.16,1.808
Norway,NOR,1905,4.15,1.791
Norway,NOR,1906,4.22,1.812
Norway,NOR,1907,4.78,2.038
Norway,NOR,1908,5.72,2.419
Norway,NOR,1909,5.76,2.421
Norway,NOR,1910,5.94,2.475
Norway,NOR,1911,6.08,2.511
Norway,NOR,1912,6.88,2.814
Norway,NOR,1913,6.92,2.802
Norway,NOR,1914,7.71,3.092
Norway,NOR,1915,8.45,3.355
Norway,NOR,1916,7.9,3.103
Norway,NOR,1917,3.5,1.36
Norway,NOR,1918,4.45,1.715
Norway,NOR,1919,5.29,2.019
Norway,NOR,1920,5.3,2.006
Norway,NOR,1921,3.37,1.267
Norway,NOR,1922,6.48,2.417
Norway,NOR,1923,6.79,2.517
Norway,NOR,1924,7.73,2.845
Norway,NOR,1925,7.6,2.779
Norway,NOR,1926,6.36,2.312
Norway,NOR,1927,8.67,3.131
Norway,NOR,1928,8.45,3.035
Norway,NOR,1929,9.52,3.397
Norway,NOR,1930,8.73,3.094
Norway,NOR,1931,8.09,2.85
Norway,NOR,1932,8.64,3.029
Norway,NOR,1933,9.18,3.198
Norway,NOR,1934,9.49,3.286
Norway,NOR,1935,9.78,3.369
Norway,NOR,1936,10.44,3.576
Norway,NOR,1937,11.76,4.004
Norway,NOR,1938,10.48,3.547
Norway,NOR,1939,12.51,4.209
Norway,NOR,1940,6.51,2.174
Norway,NOR,1941,4.81,1.595
Norway,NOR,1942,4.63,1.519
Norway,NOR,1943,5.44,1.771
Norway,NOR,1944,4.88,1.573
Norway,NOR,1945,4.01,1.281
Norway,NOR,1946,7.07,2.238
Norway,NOR,1947,10.63,3.331
Norway,NOR,1948,10.98,3.41
Norway,NOR,1949,10.41,3.201
Norway,NOR,1950,8.43,2.582
Norway,NOR,1951,9.48,2.875
Norway,NOR,1952,9.68,2.91
Norway,NOR,1953,9.78,2.911
Norway,NOR,1954,9.88,2.911
Norway,NOR,1955,11.41,3.329
Norway,NOR,1956,11.95,3.453
Norway,NOR,1957,11.36,3.253
Norway,NOR,1958,11.19,3.175
Norway,NOR,1959,11.81,3.324
Norway,NOR,1960,13.09,3.654
Norway,NOR,1961,13.34,3.694
Norway,NOR,1962,14.06,3.864
Norway,NOR,1963,14.97,4.082
Norway,NOR,1964,16.17,4.377
Norway,NOR,1965,16.39,4.402
Norway,NOR,1966,19.54,5.207
Norway,NOR,1967,19.3,5.101
Norway,NOR,1968,21.11,5.533
Norway,NOR,1969,22.19,5.769
Norway,NOR,1970,27.98,7.22
Norway,NOR,1971,27.17,6.961
Norway,NOR,1972,29.4,7.474
Norway,NOR,1973,30.49,7.699
Norway,NOR,1974,27.69,6.948
Norway,NOR,1975,30.6,7.636
Norway,NOR,1976,33.33,8.279
Norway,NOR,1977,33.31,8.238
Norway,NOR,1978,32.62,8.038
Norway,NOR,1979,34.63,8.502
Norway,NOR,1980,31.78,7.778
Norway,NOR,1981,31.8,7.758
Norway,NOR,1982,30.91,7.513
Norway,NOR,1983,31.95,7.739
Norway,NOR,1984,33.81,8.167
Norway,NOR,1985,32.29,7.775
Norway,NOR,1986,34.79,8.347
Norway,NOR,1987,33.21,7.931
Norway,NOR,1988,35.59,8.455
Norway,NOR,1989,34.15,8.079
Norway,NOR,1990,35.01,8.254
Norway,NOR,1991,33.47,7.853
Norway,NOR,1992,34.4,8.026
Norway,NOR,1993,35.95,8.337
Norway,NOR,1994,37.86,8.731
Norway,NOR,1995,38.47,8.825
Norway,NOR,1996,41.54,9.482
Norway,NOR,1997,41.64,9.454
Norway,NOR,1998,41.84,9.441
Norway,NOR,1999,42.61,9.55
Norway,NOR,2000,42.13,9.381
Norway,NOR,2001,43.52,9.642
Norway,NOR,2002,42.57,9.381
Norway,NOR,2003,43.92,9.622
Norway,NOR,2004,44.26,9.638
Norway,NOR,2005,43.28,9.361
Norway,NOR,2006,43.86,9.411
Norway,NOR,2007,45.6,9.685
Norway,NOR,2008,44.69,9.373
Norway,NOR,2009,43.1,8.926
Norway,NOR,2010,45.66,9.339
Norway,NOR,2011,44.77,9.04
Norway,NOR,2012,44.26,8.819
Norway,NOR,2013,44.54,8.767
Norway,NOR,2014,44.98,8.754
Norway,NOR,2015,45.52,8.772
Norway,NOR,2016,44.71,8.539
Norway,NOR,2017,44.2,8.376
Norway,NOR,2018,44.47,8.372
Norway,NOR,2019,42.87,8.016
Norway,NOR,2020,41.27,7.673
Norway,NOR,2021,41.06,7.592
Norway,NOR,2022,40.83,7.483
Norway,NOR,2023,38.87,7.043
Norway,NOR,2024,37.18,6.668
Sweden,SWE,1850,0.2,0.058
Sweden,SWE,1851,0.22,0.062
Sweden,SWE,1852,0.22,0.061
Sweden,SWE,1853,0.23,0.064
Sweden,SWE,1854,0.34,0.094
Sweden,SWE,1855,0.32,0.087
Sweden,SWE,1856,0.48,0.13
Sweden,SWE,1857,0.61,0.165
Sweden,SWE,1858,0.51,0.137
Sweden,SWE,1859,0.75,0.199
Sweden,SWE,1860,0.75,0.197
Sweden,SWE,1861,0.97,0.251
Sweden,SWE,1862,0.99,0.253
Sweden,SWE,1863,0.99,0.251
Sweden,SWE,1864,1.04,0.262
Sweden,SWE,1865,1.08,0.271
Sweden,SWE,1866,1.11,0.277
Sweden,SWE,1867,1.04,0.255
Sweden,SWE,1868,1.22,0.299
Sweden,SWE,1869,1.09,0.263
Sweden,SWE,1870,1.34,0.322
Sweden,SWE,1871,1.43,0.341
Sweden,SWE,1872,1.71,0.403
Sweden,SWE,1873,1.74,0.405
Sweden,SWE,1874,1.87,0.433
Sweden,SWE,1875,2.28,0.521
Sweden,SWE,1876,2.43,0.551
Sweden,SWE,1877,2.57,0.578
Sweden,SWE,1878,2.18,0.485
Sweden,SWE,1879,2.21,0.489
Sweden,SWE,1880,2.83,0.62
Sweden,SWE,1881,2.75,0.599
Sweden,SWE,1882,3.15,0.682
Sweden,SWE,1883,3.22,0.694
Sweden,SWE,1884,3.55,0.762
Sweden,SWE,1885,3.83,0.818
Sweden,SWE,1886,3.75,0.798
Sweden,SWE,1887,3.8,0.805
Sweden,SWE,1888,4.25,0.895
Sweden,SWE,1889,4.96,1.04
Sweden,SWE,1890,4.95,1.032
Sweden,SWE,1891,5.28,1.095
Sweden,SWE,1892,5.25,1.082
Sweden,SWE,1893,5.28,1.081
Sweden,SWE,1894,5.89,1.198
Sweden,SWE,1895,5.95,1.202
Sweden,SWE,1896,6.16,1.234
Sweden,SWE,1897,6.86,1.365
Sweden,SWE,1898,7.3,1.444
Sweden,SWE,1899,9.13,1.795
Sweden,SWE,1900,9.17,1.79
Sweden,SWE,1901,8.52,1.653
Sweden,SWE,1902,8.93,1.72
Sweden,SWE,1903,9.8,1.877
Sweden,SWE,1904,10.33,1.964
Sweden,SWE,1905,10.16,1.922
Sweden,SWE,1906,11.29,2.121
Sweden,SWE,1907,12.77,2.384
Sweden,SWE,1908,13.76,2.552
Sweden,SWE,1909,12.67,2.335
Sweden,SWE,1910,13.12,2.401
Sweden,SWE,1911,12.79,2.325
Sweden,SWE,1912,14.19,2.56
Sweden,SWE,1913,15.95,2.857
Sweden,SWE,1914,14.99,2.663
Sweden,SWE,1915,15.1,2.663
Sweden,SWE,1916,15.93,2.789
Sweden,SWE,1917,6.9,1.199
Sweden,SWE,1918,8.12,1.399
Sweden,SWE,1919,7.8,1.335
Sweden,SWE,1920,10.54,1.794
Sweden,SWE,1921,6.13,1.038
Sweden,SWE,1922,10.13,1.705
Sweden,SWE,1923,12.29,2.061
Sweden,SWE,1924,14.64,2.445
Sweden,SWE,1925,13.12,2.181
Sweden,SWE,1926,12.77,2.114
Sweden,SWE,1927,17.87,2.947
Sweden,SWE,1928,16.24,2.667
Sweden,SWE,1929,19.37,3.167
Sweden,SWE,1930,18.93,3.083
Sweden,SWE,1931,18.94,3.073
Sweden,SWE,1932,18.74,3.028
Sweden,SWE,1933,19.52,3.143
Sweden,SWE,1934,21.73,3.487
Sweden,SWE,1935,22.86,3.655
Sweden,SWE,1936,25.05,3.99
Sweden,SWE,1937,28.94,4.593
Sweden,SWE,1938,26.13,4.133
Sweden,SWE,1939,29.3,4.611
Sweden,SWE,1940,18.47,2.89
Sweden,SWE,1941,15.04,2.335
Sweden,SWE,1942,13.02,2.004
Sweden,SWE,1943,15.84,2.414
Sweden,SWE,1944,12.44,1.878
Sweden,SWE,1945,4.55,0.68
Sweden,SWE,1946,17.38,2.571
Sweden,SWE,1947,25.09,3.677
Sweden,SWE,1948,30.8,4.469
Sweden,SWE,1949,26.83,3.858
Sweden,SWE,1950,28.66,4.084
Sweden,SWE,1951,33.48,4.734
Sweden,SWE,1952,34.56,4.851
Sweden,SWE,1953,32.56,4.54
Sweden,SWE,1954,34.5,4.783
Sweden,SWE,1955,39.11,5.385
Sweden,SWE,1956,43.38,5.93
Sweden,SWE,1957,38.85,5.273
Sweden,SWE,1958,42.07,5.675
Sweden,SWE,1959,42.39,5.687
Sweden,SWE,1960,49.17,6.57
Sweden,SWE,1961,48.8,6.49
Sweden,SWE,1962,51.27,6.781
Sweden,SWE,1963,55.31,7.274
Sweden,SWE,1964,60.37,7.88
Sweden,SWE,1965,62.57,8.091
Sweden,SWE,1966,72.52,9.29
Sweden,SWE,1967,68.93,8.763
Sweden,SWE,1968,77.61,9.809
Sweden,SWE,1969,86.38,10.841
Sweden,SWE,1970,92.29,11.475
Sweden,SWE,1971,84.51,10.436
Sweden,SWE,1972,84.7,10.428
Sweden,SWE,1973,87.29,10.727
Sweden,SWE,1974,79.82,9.781
Sweden,SWE,1975,80.76,9.858
Sweden,SWE,1976,88.24,10.732
Sweden,SWE,1977,85.74,10.391
Sweden,SWE,1978,79.48,9.603
Sweden,SWE,1979,84.87,10.233
Sweden,SWE,1980,71.71,8.629
Sweden,SWE,1981,69.39,8.34
Sweden,SWE,1982,62.26,7.478
Sweden,SWE,1983,58.27,6.996
Sweden,SWE,1984,57.31,6.874
Sweden,SWE,1985,62.36,7.469
Sweden,SWE,1986,62.01,7.409
Sweden,SWE,1987,59.69,7.109
Sweden,SWE,1988,57.43,6.807
Sweden,SWE,1989,55.52,6.537
Sweden,SWE,1990,57.42,6.709
Sweden,SWE,1991,57.66,6.692
Sweden,SWE,1992,57.51,6.635
Sweden,SWE,1993,57.52,6.597
Sweden,SWE,1994,60.0,6.833
Sweden,SWE,1995,59.49,6.74
Sweden,SWE,1996,63.35,7.166
Sweden,SWE,1997,58.36,6.597
Sweden,SWE,1998,58.77,6.64
Sweden,SWE,1999,55.94,6.315
Sweden,SWE,2000,54.89,6.187
Sweden,SWE,2001,55.78,6.27
Sweden,SWE,2002,56.63,6.345
Sweden,SWE,2003,57.22,6.387
Sweden,SWE,2004,56.43,6.274
Sweden,SWE,2005,53.79,5.957
Sweden,SWE,2006,53.65,5.908
Sweden,SWE,2007,52.88,5.78
Sweden,SWE,2008,50.77,5.506
Sweden,SWE,2009,47.14,5.07
Sweden,SWE,2010,53.03,5.654
Sweden,SWE,2011,49.11,5.198
Sweden,SWE,2012,46.61,4.896
Sweden,SWE,2013,45.11,4.698
Sweden,SWE,2014,43.38,4.474
Sweden,SWE,2015,43.31,4.42
Sweden,SWE,2016,43.31,4.364
Sweden,SWE,2017,42.36,4.211
Sweden,SWE,2018,41.86,4.113
Sweden,SWE,2019,40.77,3.967
Sweden,SWE,2020,36.62,3.537
Sweden,SWE,2021,38.57,3.703
Sweden,SWE,2022,36.34,3.465
Sweden,SWE,2023,36.71,3.479
Sweden,SWE,2024,38.1,3.592
Switzerland,CHE,1858,0.15,0.059
Switzerland,CHE,1859,0.21,0.082
Switzerland,CHE,1860,0.3,0.121
Switzerland,CHE,1861,0.43,0.168
Switzerland,CHE,1862,0.47,0.185
Switzerland,CHE,1863,0.47,0.184
Switzerland,CHE,1864,0.57,0.223
Switzerland,CHE,1865,0.7,0.27
Switzerland,CHE,1866,0.69,0.265
Switzerland,CHE,1867,0.67,0.258
Switzerland,CHE,1868,0.77,0.293
Switzerland,CHE,1869,0.74,0.282
Switzerland,CHE,1870,0.9,0.338
Switzerland,CHE,1871,1.11,0.416
Switzerland,CHE,1872,1.28,0.474
Switzerland,CHE,1873,1.24,0.457
Switzerland,CHE,1874,1.17,0.429
Switzerland,CHE,1875,1.28,0.466
Switzerland,CHE,1876,1.49,0.541
Switzerland,CHE,1877,1.42,0.51
Switzerland,CHE,1878,1.36,0.484
Switzerland,CHE,1879,1.45,0.514
Switzerland,CHE,1880,1.67,0.59
Switzerland,CHE,1881,1.56,0.55
Switzerland,CHE,1882,1.73,0.605
Switzerland,CHE,1883,1.91,0.667
Switzerland,CHE,1884,1.96,0.682
Switzerland,CHE,1885,2.04,0.707
Switzerland,CHE,1886,2.08,0.718
Switzerland,CHE,1887,2.26,0.775
Switzerland,CHE,1888,2.3,0.788
Switzerland,CHE,1889,2.54,0.865
Switzerland,CHE,1890,2.88,0.972
Switzerland,CHE,1891,3.52,1.18
Switzerland,CHE,1892,3.47,1.151
Switzerland,CHE,1893,2.88,0.944
Switzerland,CHE,1894,3.58,1.163
Switzerland,CHE,1895,3.85,1.234
Switzerland,CHE,1896,4.21,1.336
Switzerland,CHE,1897,4.44,1.393
Switzerland,CHE,1898,4.75,1.474
Switzerland,CHE,1899,5.12,1.571
Switzerland,CHE,1900,5.68,1.721
Switzerland,CHE,1901,5.18,1.554
Switzerland,CHE,1902,5.24,1.55
Switzerland,CHE,1903,5.67,1.659
Switzerland,CHE,1904,5.96,1.722
Switzerland,CHE,1905,6.24,1.78
Switzerland,CHE,1906,6.9,1.943
Switzerland,CHE,1907,8.0,2.226
Switzerland,CHE,1908,8.01,2.201
Switzerland,CHE,1909,8.07,2.195
Switzerland,CHE,1910,7.79,2.1
Switzerland,CHE,1911,8.61,2.305
Switzerland,CHE,1912,8.76,2.333
Switzerland,CHE,1913,9.25,2.454
Switzerland,CHE,1914,8.43,2.227
Switzerland,CHE,1915,8.93,2.35
Switzerland,CHE,1916,8.48,2.225
Switzerland,CHE,1917,6.11,1.596
Switzerland,CHE,1918,5.75,1.496
Switzerland,CHE,1919,4.61,1.195
Switzerland,CHE,1920,7.23,1.869
Switzerland,CHE,1921,4.47,1.149
Switzerland,CHE,1922,6.15,1.576
Switzerland,CHE,1923,7.67,1.955
Switzerland,CHE,1924,7.23,1.837
Switzerland,CHE,1925,7.54,1.906
Switzerland,CHE,1926,7.46,1.877
Switzerland,CHE,1927,8.6,2.155
Switzerland,CHE,1928,8.96,2.237
Switzerland,CHE,1929,10.26,2.55
Switzerland,CHE,1930,9.56,2.364
Switzerland,CHE,1931,10.09,2.487
Switzerland,CHE,1932,10.22,2.508
Switzerland,CHE,1933,9.57,2.337
Switzerland,CHE,1934,9.56,2.324
Switzerland,CHE,1935,9.48,2.295
Switzerland,CHE,1936,9.92,2.392
Switzerland,CHE,1937,10.46,2.513
Switzerland,CHE,1938,10.46,2.501
Switzerland,CHE,1939,11.86,2.821
Switzerland,CHE,1940,8.31,1.963
Switzerland,CHE,1941,6.63,1.553
Switzerland,CHE,1942,5.84,1.356
Switzerland,CHE,1943,6.17,1.418
Switzerland,CHE,1944,4.45,1.012
Switzerland,CHE,1945,1.62,0.365
Switzerland,CHE,1946,5.76,1.283
Switzerland,CHE,1947,9.45,2.081
Switzerland,CHE,1948,10.21,2.226
Switzerland,CHE,1949,8.53,1.839
Switzerland,CHE,1950,10.25,2.185
Switzerland,CHE,1951,12.32,2.595
Switzerland,CHE,1952,11.24,2.336
Switzerland,CHE,1953,10.35,2.123
Switzerland,CHE,1954,12.61,2.554
Switzerland,CHE,1955,13.63,2.725
Switzerland,CHE,1956,17.08,3.372
Switzerland,CHE,1957,17.72,3.453
Switzerland,CHE,1958,16.31,3.138
Switzerland,CHE,1959,16.62,3.157
Switzerland,CHE,1960,19.51,3.663
Switzerland,CHE,1961,20.38,3.75
Switzerland,CHE,1962,24.13,4.33
Switzerland,CHE,1963,29.09,5.108
Switzerland,CHE,1964,28.14,4.861
Switzerland,CHE,1965,30.34,5.181
Switzerland,CHE,1966,31.5,5.322
Switzerland,CHE,1967,32.53,5.429
Switzerland,CHE,1968,35.99,5.931
Switzerland,CHE,1969,38.05,6.201
Switzerland,CHE,1970,40.25,6.512
Switzerland,CHE,1971,41.89,6.742
Switzerland,CHE,1972,42.92,6.854
Switzerland,CHE,1973,46.2,7.326
Switzerland,CHE,1974,41.42,6.532
Switzerland,CHE,1975,39.05,6.161
Switzerland,CHE,1976,40.43,6.416
Switzerland,CHE,1977,41.03,6.532
Switzerland,CHE,1978,42.17,6.712
Switzerland,CHE,1979,39.86,6.332
Switzerland,CHE,1980,40.48,6.405
Switzerland,CHE,1981,38.8,6.106
Switzerland,CHE,1982,36.57,5.722
Switzerland,CHE,1983,40.01,6.233
Switzerland,CHE,1984,39.11,6.071
Switzerland,CHE,1985,39.76,6.145
Switzerland,CHE,1986,42.23,6.492
Switzerland,CHE,1987,40.18,6.139
Switzerland,CHE,1988,40.64,6.163
Switzerland,CHE,1989,39.39,5.925
Switzerland,CHE,1990,44.15,6.576
Switzerland,CHE,1991,46.13,6.787
Switzerland,CHE,1992,46.02,6.693
Switzerland,CHE,1993,43.61,6.286
Switzerland,CHE,1994,42.67,6.101
Switzerland,CHE,1995,43.41,6.166
Switzerland,CHE,1996,44.11,6.237
Switzerland,CHE,1997,43.05,6.072
Switzerland,CHE,1998,44.62,6.276
Switzerland,CHE,1999,44.45,6.221
Switzerland,CHE,2000,43.62,6.072
Switzerland,CHE,2001,45.08,6.239
Switzerland,CHE,2002,43.47,5.972
Switzerland,CHE,2003,44.65,6.089
Switzerland,CHE,2004,45.23,6.125
Switzerland,CHE,2005,45.78,6.159
Switzerland,CHE,2006,45.36,6.066
Switzerland,CHE,2007,43.36,5.746
Switzerland,CHE,2008,44.7,5.85
Switzerland,CHE,2009,43.53,5.625
Switzerland,CHE,2010,45.03,5.755
Switzerland,CHE,2011,40.97,5.177
Switzerland,CHE,2012,42.24,5.281
Switzerland,CHE,2013,43.18,5.337
Switzerland,CHE,2014,39.24,4.792
Switzerland,CHE,2015,38.76,4.678
Switzerland,CHE,2016,39.22,4.684
Switzerland,CHE,2017,38.23,4.523
Switzerland,CHE,2018,36.95,4.338
Switzerland,CHE,2019,36.82,4.293
Switzerland,CHE,2020,34.34,3.975
Switzerland,CHE,2021,35.9,4.123
Switzerland,CHE,2022,32.95,3.748
Switzerland,CHE,2023,31.98,3.605
Switzerland,CHE,2024,32.07,3.595
